n | name | university | phd_year | gender | fa_n_pubs_pre_phd | fa_n_pubs_prost_phd | fa_year_last | all_n_pubs_pre_phd | all_n_pubs_prost_phd | all_year_last |  fa_2000 | fa_2001 | fa_2002 | fa_2003 | fa_2004 | fa_2005 | fa_2006 | fa_2007 | fa_2008 | fa_2009 | fa_2010 | fa_2011 | fa_2012 | fa_2013 | fa_2014 | fa_2015 | fa_2016 |  all_2000 | all_2001 | all_2002 | all_2003 | all_2004 | all_2005 | all_2006 | all_2007 | all_2008 | all_2009 | all_2010 | all_2011 | all_2012 | all_2013 | all_2014 | all_2015 | all_2016 | foo
1 | Williams, Clemency J. | Brown University | 2005 | female | 1 | 0 | 2005 | 5 | 61 | 2016 | 0 | 0 | 0 | 0 | 0 | 1 | 0 | 0 | 0 | 0 | 0 | 0 | 0 | 0 | 0 | 0 | 0 |  1 | 0 | 1 | 0 | 0 | 3 | 2 | 3 | 4 | 2 | 7 | 11 | 12 | 4 | 9 | 6 | 1 |
2 | Wisniewski, J. P. | Ritter Observatory, University of Toledo | 2005 | None | 3 | 11 | 2015 | 5 | 103 | 2017 | 0 | 0 | 0 | 2 | 0 | 1 | 2 | 4 | 2 | 0 | 1 | 0 | 1 | 0 | 0 | 1 | 0 |  0 | 0 | 0 | 3 | 1 | 1 | 2 | 4 | 3 | 3 | 5 | 7 | 14 | 12 | 17 | 15 | 16 |
3 | Chisholm, James R. | The University of Chicago, Illinois, USA | 2005 | male | 3 | 3 | 2011 | 3 | 4 | 2016 | 0 | 0 | 0 | 1 | 1 | 1 | 2 | 0 | 0 | 0 | 0 | 1 | 0 | 0 | 0 | 0 | 0 |  0 | 0 | 0 | 1 | 1 | 1 | 2 | 0 | 0 | 0 | 0 | 1 | 0 | 0 | 0 | 0 | 1 |
4 | Daly, Jason Thomas | University of Notre Dame, Indiana, USA | 2005 | male | 1 | 0 | 2005 | 2 | 2 | 2012 | 0 | 0 | 0 | 0 | 0 | 1 | 0 | 0 | 0 | 0 | 0 | 0 | 0 | 0 | 0 | 0 | 0 |  0 | 0 | 0 | 0 | 0 | 2 | 0 | 0 | 1 | 0 | 0 | 0 | 1 | 0 | 0 | 0 | 0 |
5 | Fowler, Galen James | University of California, Los Angeles, California, USA | 2005 | male | 2 | 0 | 2005 | 2 | 0 | 2005 | 0 | 1 | 0 | 0 | 0 | 1 | 0 | 0 | 0 | 0 | 0 | 0 | 0 | 0 | 0 | 0 | 0 |  0 | 1 | 0 | 0 | 0 | 1 | 0 | 0 | 0 | 0 | 0 | 0 | 0 | 0 | 0 | 0 | 0 |
6 | Bruntz, Robert Jeffrey | The University of Texas at El Paso | 2005 | male | 2 | 3 | 2012 | 2 | 11 | 2016 | 0 | 0 | 0 | 0 | 0 | 2 | 0 | 0 | 0 | 0 | 0 | 0 | 3 | 0 | 0 | 0 | 0 |  0 | 0 | 0 | 0 | 0 | 2 | 0 | 0 | 0 | 1 | 2 | 0 | 5 | 0 | 1 | 0 | 2 |
7 | Cortes, Paulo Cesar | University of Illinois at Urbana-Champaign, Illinois, USA | 2005 | male | 2 | 6 | 2016 | 2 | 22 | 2016 | 0 | 0 | 0 | 0 | 0 | 2 | 2 | 0 | 1 | 0 | 1 | 1 | 0 | 0 | 0 | 0 | 1 |  0 | 0 | 0 | 0 | 0 | 2 | 2 | 0 | 1 | 0 | 1 | 1 | 0 | 1 | 2 | 4 | 10 |
8 | Rathore, Yasser | California Institute of Technology | 2005 | male | 3 | 0 | 2005 | 3 | 1 | 2006 | 0 | 0 | 0 | 1 | 0 | 2 | 0 | 0 | 0 | 0 | 0 | 0 | 0 | 0 | 0 | 0 | 0 |  0 | 0 | 0 | 1 | 0 | 2 | 1 | 0 | 0 | 0 | 0 | 0 | 0 | 0 | 0 | 0 | 0 |
9 | Sefusatti, Emiliano | New York University, New York, USA | 2005 | male | 2 | 11 | 2016 | 4 | 30 | 2017 | 0 | 0 | 0 | 0 | 0 | 2 | 1 | 2 | 0 | 2 | 1 | 1 | 2 | 0 | 1 | 0 | 1 |  0 | 0 | 0 | 1 | 1 | 2 | 1 | 2 | 1 | 3 | 3 | 3 | 4 | 3 | 4 | 1 | 1 |
10 | Chappelow, John E. | University of Alaska Fairbanks, Alaska, USA | 2005 | male | 3 | 5 | 2013 | 3 | 7 | 2013 | 0 | 0 | 1 | 0 | 0 | 2 | 2 | 0 | 1 | 0 | 1 | 0 | 0 | 1 | 0 | 0 | 0 |  0 | 0 | 1 | 0 | 0 | 2 | 2 | 0 | 1 | 0 | 2 | 0 | 1 | 1 | 0 | 0 | 0 |
11 | Duez, Matthew D. | University of Illinois at Urbana-Champaign, Illinois, USA | 2005 | male | 8 | 6 | 2012 | 9 | 26 | 2017 | 0 | 1 | 1 | 1 | 2 | 3 | 2 | 0 | 1 | 0 | 2 | 0 | 1 | 0 | 0 | 0 | 0 |  0 | 1 | 1 | 1 | 3 | 3 | 3 | 1 | 1 | 1 | 2 | 1 | 2 | 4 | 3 | 1 | 5 |
12 | Moore, Shauntae | University of Arkansas | 2005 | female | 2 | 1 | 2006 | 6 | 14 | 2014 | 0 | 0 | 0 | 1 | 0 | 1 | 1 | 0 | 0 | 0 | 0 | 0 | 0 | 0 | 0 | 0 | 0 |  0 | 0 | 1 | 1 | 1 | 3 | 2 | 3 | 4 | 1 | 3 | 0 | 0 | 0 | 1 | 0 | 0 |
13 | Chang, Philip | University of California, Santa Barbara, California, USA | 2005 | male | 5 | 17 | 2016 | 10 | 56 | 2017 | 0 | 0 | 0 | 1 | 2 | 2 | 1 | 3 | 3 | 1 | 4 | 2 | 1 | 0 | 1 | 0 | 1 |  0 | 0 | 1 | 2 | 4 | 3 | 1 | 7 | 6 | 2 | 6 | 5 | 6 | 4 | 6 | 6 | 4 |
14 | Dijkstra, Mark | Columbia University, New York, USA | 2005 | male | 5 | 30 | 2016 | 6 | 67 | 2017 | 0 | 0 | 0 | 0 | 3 | 2 | 4 | 3 | 5 | 4 | 2 | 1 | 3 | 1 | 3 | 0 | 4 |  0 | 0 | 1 | 0 | 3 | 2 | 4 | 4 | 6 | 4 | 3 | 4 | 5 | 3 | 8 | 5 | 16 |
15 | Myers, Zachary | University of Maryland, College Park | 2005 | male | 4 | 0 | 2005 | 7 | 4 | 2016 | 0 | 0 | 0 | 2 | 0 | 2 | 0 | 0 | 0 | 0 | 0 | 0 | 0 | 0 | 0 | 0 | 0 |  0 | 0 | 0 | 2 | 0 | 5 | 0 | 0 | 1 | 0 | 0 | 0 | 1 | 1 | 0 | 0 | 1 |
16 | Richmond, Marvin Elliot | The University of Texas at Austin | 2005 | male | 1 | 0 | 2005 | 4 | 5 | 2016 | 0 | 0 | 0 | 0 | 0 | 1 | 0 | 0 | 0 | 0 | 0 | 0 | 0 | 0 | 0 | 0 | 0 |  0 | 0 | 1 | 0 | 1 | 2 | 0 | 0 | 0 | 1 | 0 | 2 | 0 | 0 | 1 | 0 | 1 |
17 | Gong, Bin | Rice University | 2005 | male | 3 | 2 | 2011 | 4 | 9 | 2017 | 0 | 0 | 0 | 0 | 0 | 3 | 1 | 0 | 0 | 0 | 0 | 1 | 0 | 0 | 0 | 0 | 0 |  0 | 0 | 0 | 0 | 0 | 4 | 2 | 1 | 1 | 1 | 1 | 1 | 1 | 0 | 0 | 0 | 0 |
18 | Hirata, Christopher Michael | Princeton University, New Jersey, USA | 2005 | male | 9 | 16 | 2014 | 17 | 92 | 2017 | 0 | 0 | 0 | 3 | 3 | 3 | 2 | 2 | 3 | 3 | 2 | 3 | 0 | 0 | 1 | 0 | 0 |  0 | 0 | 0 | 3 | 5 | 9 | 7 | 4 | 11 | 7 | 9 | 11 | 9 | 10 | 5 | 6 | 10 |
19 | Sing, David Kent | The University of Arizona, Arizona, USA | 2005 | male | 3 | 12 | 2016 | 4 | 62 | 2017 | 0 | 0 | 0 | 0 | 2 | 1 | 0 | 1 | 2 | 2 | 1 | 2 | 1 | 1 | 0 | 1 | 1 |  0 | 0 | 0 | 0 | 3 | 1 | 1 | 4 | 5 | 5 | 6 | 5 | 7 | 8 | 3 | 6 | 7 |
20 | Fast, Kelly Elizabeth | University of Maryland, llege Park, Maryland, USA | 2005 | female | 3 | 4 | 2011 | 6 | 11 | 2015 | 0 | 0 | 1 | 0 | 1 | 1 | 2 | 0 | 0 | 1 | 0 | 1 | 0 | 0 | 0 | 0 | 0 |  0 | 1 | 2 | 0 | 1 | 2 | 5 | 0 | 1 | 1 | 1 | 1 | 1 | 0 | 0 | 1 | 0 |
21 | Gezari, Suvi T. K. | Columbia University, New York, USA | 2005 | female | 5 | 12 | 2017 | 7 | 36 | 2017 | 0 | 0 | 1 | 1 | 2 | 1 | 1 | 1 | 2 | 2 | 1 | 0 | 1 | 1 | 0 | 2 | 0 |  0 | 0 | 2 | 1 | 3 | 1 | 1 | 1 | 2 | 4 | 3 | 4 | 1 | 2 | 2 | 6 | 8 |
22 | Jacoby, Bryan Anthony | California Institute of Technology, California, USA | 2005 | male | 3 | 4 | 2009 | 7 | 10 | 2012 | 0 | 0 | 0 | 1 | 0 | 2 | 2 | 1 | 0 | 1 | 0 | 0 | 0 | 0 | 0 | 0 | 0 |  1 | 1 | 0 | 2 | 1 | 2 | 4 | 1 | 1 | 1 | 0 | 0 | 3 | 0 | 0 | 0 | 0 |
23 | Whysong, David Harold. | University of California, Santa Barbara, California, USA | 2005 | male | 3 | 0 | 2005 | 7 | 13 | 2013 | 0 | 0 | 0 | 1 | 1 | 1 | 0 | 0 | 0 | 0 | 0 | 0 | 0 | 0 | 0 | 0 | 0 |  1 | 0 | 0 | 2 | 2 | 2 | 2 | 1 | 0 | 1 | 4 | 4 | 0 | 1 | 0 | 0 | 0 |
24 | Yip, Ching-Wa | University of Pittsburgh, Pennsylvania, USA | 2005 | male | 3 | 5 | 2014 | 6 | 13 | 2016 | 0 | 0 | 0 | 0 | 2 | 1 | 0 | 0 | 0 | 1 | 2 | 1 | 0 | 0 | 1 | 0 | 0 |  0 | 0 | 0 | 1 | 3 | 2 | 2 | 0 | 0 | 2 | 2 | 3 | 1 | 1 | 1 | 0 | 1 |
25 | Zhu, Wuming | University of Florida, Florida, USA | 2005 | male | 2 | 6 | 2015 | 12 | 68 | 2017 | 0 | 0 | 0 | 0 | 0 | 2 | 1 | 0 | 0 | 1 | 0 | 1 | 0 | 1 | 1 | 1 | 0 |  1 | 1 | 2 | 2 | 2 | 4 | 1 | 2 | 2 | 3 | 2 | 5 | 1 | 8 | 8 | 10 | 13 |
26 | Allen, Peter R. | University of Pennsylvania, Pennsylvania, USA | 2005 | male | 3 | 6 | 2013 | 5 | 20 | 2013 | 0 | 0 | 0 | 1 | 0 | 2 | 0 | 3 | 1 | 0 | 0 | 0 | 1 | 1 | 0 | 0 | 0 |  0 | 0 | 0 | 2 | 1 | 2 | 1 | 6 | 4 | 2 | 3 | 1 | 1 | 2 | 0 | 0 | 0 |
27 | Bolton, Adam Stallard | Massachusetts Institute of Technology, Massachusetts, USA | 2005 | male | 4 | 10 | 2012 | 4 | 99 | 2017 | 0 | 0 | 0 | 1 | 1 | 2 | 3 | 2 | 2 | 0 | 1 | 0 | 2 | 0 | 0 | 0 | 0 |  0 | 0 | 0 | 1 | 1 | 2 | 7 | 5 | 6 | 7 | 7 | 9 | 17 | 14 | 5 | 5 | 14 |
28 | Chin, David Wooi Hong | University of Michigan, Michigan, USA | 2005 | male | 1 | 0 | 2005 | 15 | 21 | 2011 | 0 | 0 | 0 | 0 | 0 | 1 | 0 | 0 | 0 | 0 | 0 | 0 | 0 | 0 | 0 | 0 | 0 |  0 | 0 | 0 | 0 | 6 | 9 | 3 | 8 | 8 | 1 | 0 | 1 | 0 | 0 | 0 | 0 | 0 |
29 | Dolney, Derek | University of Pennsylvania, Pennsylvania, USA | 2005 | male | 2 | 1 | 2006 | 2 | 2 | 2006 | 0 | 0 | 0 | 0 | 1 | 1 | 1 | 0 | 0 | 0 | 0 | 0 | 0 | 0 | 0 | 0 | 0 |  0 | 0 | 0 | 0 | 1 | 1 | 2 | 0 | 0 | 0 | 0 | 0 | 0 | 0 | 0 | 0 | 0 |
30 | Fukumura, Keigo | Montana State University, Montana, USA | 2005 | male | 3 | 13 | 2017 | 4 | 18 | 2017 | 0 | 0 | 0 | 0 | 2 | 1 | 0 | 3 | 1 | 1 | 3 | 0 | 0 | 0 | 1 | 1 | 2 |  0 | 0 | 1 | 0 | 2 | 1 | 1 | 3 | 2 | 1 | 3 | 0 | 2 | 1 | 1 | 1 | 2 |
31 | Gutierrez, Kristopher James | Washington University, Missouri, USA | 2005 | male | 2 | 1 | 2006 | 4 | 8 | 2007 | 0 | 0 | 0 | 0 | 0 | 2 | 1 | 0 | 0 | 0 | 0 | 0 | 0 | 0 | 0 | 0 | 0 |  0 | 0 | 0 | 0 | 1 | 3 | 4 | 4 | 0 | 0 | 0 | 0 | 0 | 0 | 0 | 0 | 0 |
32 | Hicks, A. K. | University of Colorado at Boulder, Colorado, USA | 2005 | None | 5 | 6 | 2013 | 6 | 17 | 2015 | 0 | 1 | 1 | 0 | 0 | 3 | 1 | 1 | 2 | 0 | 1 | 0 | 0 | 1 | 0 | 0 | 0 |  0 | 1 | 1 | 1 | 0 | 3 | 2 | 1 | 4 | 0 | 2 | 1 | 3 | 1 | 1 | 2 | 0 |
33 | Kelley, Kevin | University of California, Davis, California, USA | 2005 | male | 1 | 0 | 2005 | 3 | 5 | 2013 | 0 | 0 | 0 | 0 | 0 | 1 | 0 | 0 | 0 | 0 | 0 | 0 | 0 | 0 | 0 | 0 | 0 |  0 | 0 | 0 | 0 | 1 | 2 | 1 | 1 | 2 | 0 | 0 | 0 | 0 | 1 | 0 | 0 | 0 |
34 | Li, Jian-Yang | University of Maryland, llege Park, Maryland, USA | 2005 | male | 9 | 66 | 2017 | 85 | 351 | 2017 | 1 | 4 | 0 | 2 | 1 | 1 | 3 | 6 | 6 | 5 | 5 | 7 | 4 | 9 | 8 | 4 | 5 |  9 | 22 | 5 | 20 | 8 | 21 | 13 | 23 | 25 | 20 | 24 | 37 | 46 | 38 | 29 | 37 | 39 |
35 | Boone, C. E. | University of Colorado at Boulder, Colorado, USA | 2005 | None | 1 | 0 | 2005 | 2 | 5 | 2009 | 0 | 0 | 0 | 0 | 0 | 1 | 0 | 0 | 0 | 0 | 0 | 0 | 0 | 0 | 0 | 0 | 0 |  0 | 0 | 0 | 0 | 0 | 2 | 3 | 0 | 1 | 1 | 0 | 0 | 0 | 0 | 0 | 0 | 0 |
36 | Drasco, Steven | Cornell University, New York, USA | 2005 | male | 1 | 0 | 2005 | 1 | 2 | 2013 | 0 | 0 | 0 | 0 | 0 | 1 | 0 | 0 | 0 | 0 | 0 | 0 | 0 | 0 | 0 | 0 | 0 |  0 | 0 | 0 | 0 | 0 | 1 | 0 | 0 | 0 | 0 | 0 | 0 | 1 | 1 | 0 | 0 | 0 |
37 | Nord, Michael Evans | The University of New Mexico, New Mexico, USA | 2005 | male | 3 | 3 | 2009 | 7 | 7 | 2009 | 0 | 0 | 0 | 0 | 2 | 1 | 2 | 0 | 0 | 1 | 0 | 0 | 0 | 0 | 0 | 0 | 0 |  0 | 0 | 0 | 1 | 3 | 3 | 3 | 0 | 1 | 3 | 0 | 0 | 0 | 0 | 0 | 0 | 0 |
38 | O'Shea, Brian William | University of Illinois at Urbana-Champaign | 2005 | male | 3 | 5 | 2015 | 7 | 57 | 2017 | 0 | 0 | 0 | 0 | 0 | 3 | 1 | 1 | 1 | 1 | 0 | 0 | 0 | 0 | 0 | 1 | 0 |  0 | 1 | 0 | 1 | 1 | 4 | 2 | 3 | 6 | 5 | 3 | 2 | 5 | 5 | 7 | 8 | 8 |
39 | Wallace, Mark Sidney | Michigan State University, Michigan, USA | 2005 | male | 1 | 1 | 2007 | 2 | 6 | 2011 | 0 | 0 | 0 | 0 | 0 | 1 | 0 | 1 | 0 | 0 | 0 | 0 | 0 | 0 | 0 | 0 | 0 |  0 | 0 | 0 | 0 | 1 | 1 | 0 | 1 | 1 | 2 | 0 | 2 | 0 | 0 | 0 | 0 | 0 |
40 | Young, Kaisa Elizabeth | The University of Texas at Austin, Texas, USA | 2005 | female | 3 | 4 | 2015 | 9 | 20 | 2015 | 0 | 0 | 0 | 0 | 1 | 2 | 2 | 0 | 0 | 1 | 0 | 0 | 0 | 0 | 0 | 1 | 0 |  1 | 0 | 1 | 4 | 1 | 2 | 6 | 4 | 3 | 2 | 0 | 0 | 1 | 0 | 1 | 3 | 0 |
41 | Zhang, Xiaoling | The University of Alabama in Huntsville | 2005 | female | 25 | 56 | 2017 | 123 | 292 | 2017 | 2 | 1 | 4 | 8 | 3 | 7 | 6 | 6 | 4 | 5 | 5 | 5 | 2 | 5 | 6 | 2 | 8 |  13 | 23 | 9 | 34 | 15 | 29 | 22 | 26 | 29 | 23 | 21 | 25 | 30 | 25 | 29 | 26 | 25 |
42 | Antunes, Alex | George Mason University, Virginia, USA | 2005 | male | 1 | 2 | 2009 | 1 | 3 | 2010 | 0 | 0 | 0 | 0 | 0 | 1 | 0 | 1 | 0 | 1 | 0 | 0 | 0 | 0 | 0 | 0 | 0 |  0 | 0 | 0 | 0 | 0 | 1 | 0 | 1 | 0 | 1 | 1 | 0 | 0 | 0 | 0 | 0 | 0 |
43 | Bramel, Douglas A. | Columbia University, New York, USA | 2005 | male | 3 | 0 | 2005 | 19 | 4 | 2011 | 1 | 0 | 0 | 0 | 0 | 2 | 0 | 0 | 0 | 0 | 0 | 0 | 0 | 0 | 0 | 0 | 0 |  1 | 3 | 1 | 3 | 2 | 9 | 1 | 2 | 0 | 0 | 0 | 1 | 0 | 0 | 0 | 0 | 0 |
44 | Laurent, Sophie Nathalie | Boston University, Massachusetts, USA | 2005 | female | 1 | 0 | 2005 | 1 | 1 | 2007 | 0 | 0 | 0 | 0 | 0 | 1 | 0 | 0 | 0 | 0 | 0 | 0 | 0 | 0 | 0 | 0 | 0 |  0 | 0 | 0 | 0 | 0 | 1 | 0 | 1 | 0 | 0 | 0 | 0 | 0 | 0 | 0 | 0 | 0 |
45 | Mazin, Benjamin A. | California Institute of Technology, California, USA | 2005 | male | 3 | 3 | 2013 | 5 | 15 | 2016 | 1 | 0 | 1 | 0 | 0 | 1 | 1 | 0 | 0 | 0 | 0 | 0 | 1 | 1 | 0 | 0 | 0 |  1 | 0 | 1 | 2 | 0 | 1 | 1 | 0 | 1 | 0 | 0 | 0 | 3 | 3 | 1 | 3 | 3 |
46 | Neyrinck, Mark C. | University of Colorado at Boulder, Colorado, USA | 2005 | male | 4 | 15 | 2016 | 5 | 46 | 2017 | 0 | 0 | 0 | 0 | 1 | 3 | 1 | 1 | 2 | 1 | 0 | 3 | 1 | 2 | 1 | 1 | 2 |  0 | 0 | 0 | 1 | 1 | 3 | 1 | 1 | 4 | 2 | 1 | 6 | 5 | 5 | 7 | 5 | 4 |
47 | Ogden, Chad E. | Georgia State University, Georgia, USA | 2005 | male | 1 | 0 | 2005 | 4 | 0 | 2005 | 0 | 0 | 0 | 0 | 0 | 1 | 0 | 0 | 0 | 0 | 0 | 0 | 0 | 0 | 0 | 0 | 0 |  0 | 0 | 0 | 0 | 1 | 3 | 0 | 0 | 0 | 0 | 0 | 0 | 0 | 0 | 0 | 0 | 0 |
48 | Schmekel, Bjoern Sebastian | Cornell University, New York, USA | 2005 | male | 3 | 1 | 2006 | 4 | 2 | 2007 | 0 | 0 | 0 | 0 | 0 | 3 | 1 | 0 | 0 | 0 | 0 | 0 | 0 | 0 | 0 | 0 | 0 |  0 | 0 | 0 | 0 | 0 | 4 | 1 | 1 | 0 | 0 | 0 | 0 | 0 | 0 | 0 | 0 | 0 |
49 | Tavarez-Brown, Maritza | University of Michigan, Michigan, USA | 2005 | female | 1 | 0 | 2005 | 1 | 0 | 2005 | 0 | 0 | 0 | 0 | 0 | 1 | 0 | 0 | 0 | 0 | 0 | 0 | 0 | 0 | 0 | 0 | 0 |  0 | 0 | 0 | 0 | 0 | 1 | 0 | 0 | 0 | 0 | 0 | 0 | 0 | 0 | 0 | 0 | 0 |
50 | Radebaugh, Jani | The University of Arizona, Arizona, USA | 2005 | male | 3 | 6 | 2011 | 14 | 49 | 2016 | 0 | 1 | 0 | 0 | 1 | 1 | 0 | 2 | 1 | 1 | 1 | 1 | 0 | 0 | 0 | 0 | 0 |  1 | 3 | 2 | 1 | 5 | 2 | 3 | 7 | 4 | 4 | 5 | 4 | 3 | 3 | 4 | 3 | 9 |
51 | Suzuki, Nao | University of California, San Diego, California, USA | 2005 | male | 4 | 3 | 2012 | 23 | 61 | 2017 | 1 | 0 | 0 | 1 | 0 | 2 | 1 | 1 | 0 | 0 | 0 | 0 | 1 | 0 | 0 | 0 | 0 |  5 | 4 | 3 | 4 | 3 | 4 | 1 | 3 | 3 | 8 | 4 | 7 | 10 | 5 | 6 | 7 | 4 |
52 | Trout, Tamara L. | The University of Texas at Dallas, Texas, USA | 2005 | female | 1 | 0 | 2005 | 1 | 0 | 2005 | 0 | 0 | 0 | 0 | 0 | 1 | 0 | 0 | 0 | 0 | 0 | 0 | 0 | 0 | 0 | 0 | 0 |  0 | 0 | 0 | 0 | 0 | 1 | 0 | 0 | 0 | 0 | 0 | 0 | 0 | 0 | 0 | 0 | 0 |
53 | Vanchurin, Vitaly | Tufts University, Massachusetts, USA | 2005 | male | 3 | 13 | 2016 | 3 | 25 | 2016 | 1 | 0 | 0 | 0 | 0 | 2 | 2 | 1 | 2 | 0 | 2 | 1 | 1 | 2 | 0 | 1 | 1 |  1 | 0 | 0 | 0 | 0 | 2 | 2 | 3 | 4 | 2 | 3 | 1 | 1 | 3 | 2 | 2 | 2 |
54 | Basu, Sayandeb | University of California, Davis | 2005 | male | 11 | 11 | 2016 | 19 | 80 | 2017 | 2 | 1 | 2 | 1 | 0 | 5 | 2 | 2 | 1 | 1 | 1 | 0 | 0 | 1 | 1 | 0 | 2 |  2 | 3 | 5 | 2 | 2 | 5 | 3 | 4 | 5 | 4 | 13 | 8 | 11 | 12 | 5 | 6 | 8 |
55 | Carter, Lynn Marie | Cornell University, New York, USA | 2005 | female | 2 | 7 | 2017 | 5 | 42 | 2017 | 0 | 0 | 0 | 0 | 1 | 1 | 1 | 0 | 0 | 3 | 0 | 0 | 2 | 0 | 0 | 0 | 0 |  0 | 1 | 0 | 1 | 2 | 1 | 2 | 5 | 3 | 6 | 4 | 4 | 2 | 3 | 4 | 3 | 1 |
56 | Hinderks, James R. | Stanford University, California, USA | 2005 | male | 1 | 1 | 2009 | 4 | 13 | 2014 | 0 | 0 | 0 | 0 | 0 | 1 | 0 | 0 | 0 | 1 | 0 | 0 | 0 | 0 | 0 | 0 | 0 |  0 | 0 | 0 | 2 | 1 | 1 | 0 | 0 | 2 | 6 | 3 | 1 | 0 | 0 | 1 | 0 | 0 |
57 | Jurgenson, Colby A. | University of Denver, Colorado | 2005 | male | 2 | 2 | 2016 | 2 | 6 | 2017 | 0 | 0 | 0 | 1 | 0 | 1 | 0 | 0 | 0 | 0 | 0 | 0 | 0 | 1 | 0 | 0 | 1 |  0 | 0 | 0 | 1 | 0 | 1 | 0 | 0 | 0 | 0 | 0 | 0 | 1 | 1 | 0 | 1 | 2 |
58 | Kim, Dong-Hoon | University of Florida, Florida, USA | 2005 | male | 2 | 5 | 2016 | 5 | 33 | 2016 | 0 | 0 | 0 | 0 | 0 | 2 | 0 | 1 | 0 | 0 | 1 | 0 | 1 | 0 | 0 | 1 | 1 |  0 | 0 | 1 | 0 | 1 | 3 | 1 | 3 | 1 | 3 | 6 | 4 | 8 | 2 | 0 | 1 | 4 |
59 | Lee, Seokcheon | University of Minnesota, Minnesota, USA | 2005 | None | 14 | 43 | 2017 | 32 | 191 | 2017 | 0 | 1 | 2 | 3 | 2 | 6 | 5 | 3 | 3 | 2 | 6 | 5 | 1 | 3 | 7 | 5 | 2 |  3 | 9 | 5 | 4 | 3 | 8 | 11 | 7 | 6 | 20 | 37 | 28 | 28 | 13 | 13 | 13 | 9 |
60 | Rhoads, Edward | University of Minnesota, Minnesota, USA | 2005 | male | 1 | 0 | 2005 | 1 | 0 | 2005 | 0 | 0 | 0 | 0 | 0 | 1 | 0 | 0 | 0 | 0 | 0 | 0 | 0 | 0 | 0 | 0 | 0 |  0 | 0 | 0 | 0 | 0 | 1 | 0 | 0 | 0 | 0 | 0 | 0 | 0 | 0 | 0 | 0 | 0 |
61 | Scott, Lauren M. | Washington University, Missouri, USA | 2005 | female | 2 | 1 | 2008 | 11 | 40 | 2017 | 0 | 0 | 0 | 1 | 0 | 1 | 0 | 0 | 1 | 0 | 0 | 0 | 0 | 0 | 0 | 0 | 0 |  0 | 0 | 0 | 4 | 0 | 7 | 2 | 4 | 6 | 4 | 4 | 0 | 5 | 4 | 2 | 6 | 1 |
62 | Wren, David Nathan | University of Maryland, llege Park, Maryland, USA | 2005 | male | 2 | 0 | 2005 | 2 | 0 | 2005 | 0 | 0 | 1 | 0 | 0 | 1 | 0 | 0 | 0 | 0 | 0 | 0 | 0 | 0 | 0 | 0 | 0 |  0 | 0 | 1 | 0 | 0 | 1 | 0 | 0 | 0 | 0 | 0 | 0 | 0 | 0 | 0 | 0 | 0 |
63 | Young, Chadwick Hayward | The University of Texas at Austin, Texas, USA | 2005 | male | 4 | 3 | 2015 | 8 | 16 | 2016 | 0 | 0 | 0 | 1 | 1 | 2 | 1 | 0 | 0 | 1 | 0 | 0 | 0 | 0 | 0 | 1 | 0 |  1 | 0 | 0 | 2 | 1 | 4 | 3 | 5 | 1 | 1 | 1 | 0 | 0 | 0 | 2 | 2 | 1 |
64 | Jaeger, Windy L. | The University of Arizona, Arizona, USA | 2005 | female | 3 | 3 | 2010 | 11 | 14 | 2011 | 1 | 0 | 0 | 1 | 0 | 1 | 0 | 1 | 1 | 0 | 1 | 0 | 0 | 0 | 0 | 0 | 0 |  2 | 2 | 1 | 1 | 4 | 1 | 1 | 4 | 3 | 1 | 4 | 1 | 0 | 0 | 0 | 0 | 0 |
65 | Kortenkamp, Peter Simon | The University of Iowa, Iowa, USA | 2005 | male | 1 | 0 | 2005 | 2 | 0 | 2005 | 0 | 0 | 0 | 0 | 0 | 1 | 0 | 0 | 0 | 0 | 0 | 0 | 0 | 0 | 0 | 0 | 0 |  0 | 0 | 1 | 0 | 0 | 1 | 0 | 0 | 0 | 0 | 0 | 0 | 0 | 0 | 0 | 0 | 0 |
66 | Liang, Aihua | University of Southern California, California, USA | 2005 | female | 1 | 0 | 2005 | 1 | 1 | 2013 | 0 | 0 | 0 | 0 | 0 | 1 | 0 | 0 | 0 | 0 | 0 | 0 | 0 | 0 | 0 | 0 | 0 |  0 | 0 | 0 | 0 | 0 | 1 | 0 | 0 | 0 | 0 | 0 | 0 | 0 | 1 | 0 | 0 | 0 |
67 | Mosley, Chris J. | Union Institute; University, Ohio, USA | 2005 | male | 1 | 1 | 2006 | 2 | 1 | 2006 | 0 | 0 | 0 | 0 | 0 | 1 | 1 | 0 | 0 | 0 | 0 | 0 | 0 | 0 | 0 | 0 | 0 |  0 | 0 | 0 | 1 | 0 | 1 | 1 | 0 | 0 | 0 | 0 | 0 | 0 | 0 | 0 | 0 | 0 |
68 | Ngeow, Chow-Choong | University of Massachusetts Amherst, Massachusetts, USA | 2005 | male | 6 | 22 | 2017 | 10 | 66 | 2017 | 0 | 0 | 0 | 1 | 2 | 3 | 4 | 1 | 2 | 1 | 2 | 0 | 5 | 0 | 0 | 5 | 1 |  0 | 0 | 0 | 2 | 4 | 4 | 5 | 4 | 2 | 3 | 8 | 4 | 9 | 2 | 6 | 10 | 8 |
69 | O'Dwyer, Ian J. | University of Illinois at Urbana-Champaign | 2005 | male | 4 | 0 | 2005 | 9 | 30 | 2015 | 0 | 0 | 0 | 1 | 1 | 2 | 0 | 0 | 0 | 0 | 0 | 0 | 0 | 0 | 0 | 0 | 0 |  0 | 1 | 0 | 1 | 2 | 5 | 1 | 3 | 0 | 2 | 1 | 11 | 0 | 0 | 11 | 1 | 0 |
70 | Pitman, Karly M. | Louisiana State University and Agricultural & Mechanical College, Louisiana, USA | 2005 | female | 3 | 7 | 2013 | 3 | 16 | 2015 | 1 | 0 | 0 | 0 | 0 | 2 | 1 | 0 | 2 | 0 | 2 | 0 | 1 | 1 | 0 | 0 | 0 |  1 | 0 | 0 | 0 | 0 | 2 | 1 | 0 | 3 | 4 | 2 | 1 | 2 | 1 | 1 | 1 | 0 |
71 | Nagai, Tomoyuki | The University of Utah, Utah, USA | 2005 | male | 7 | 7 | 2015 | 61 | 48 | 2017 | 1 | 1 | 0 | 2 | 0 | 3 | 1 | 0 | 1 | 1 | 0 | 1 | 0 | 2 | 0 | 1 | 0 |  6 | 2 | 2 | 31 | 11 | 9 | 3 | 4 | 7 | 10 | 4 | 4 | 1 | 4 | 4 | 1 | 5 |
72 | Peterson, Dawn E. | The University of Rochester, New York, USA | 2005 | female | 1 | 2 | 2011 | 6 | 21 | 2015 | 0 | 0 | 0 | 0 | 0 | 1 | 0 | 0 | 1 | 0 | 0 | 1 | 0 | 0 | 0 | 0 | 0 |  0 | 1 | 2 | 0 | 1 | 2 | 2 | 3 | 2 | 4 | 1 | 2 | 1 | 2 | 2 | 2 | 0 |
73 | Rombouts, Jan-Willem | New York University, New York, USA | 2005 | male | 1 | 0 | 2005 | 6 | 0 | 2005 | 0 | 0 | 0 | 0 | 0 | 1 | 0 | 0 | 0 | 0 | 0 | 0 | 0 | 0 | 0 | 0 | 0 |  0 | 0 | 0 | 1 | 1 | 4 | 0 | 0 | 0 | 0 | 0 | 0 | 0 | 0 | 0 | 0 | 0 |
74 | Shen, Juntai | Rutgers The State University of New Jersey - New Brunswick, New Jersey, USA | 2005 | male | 5 | 6 | 2016 | 7 | 35 | 2017 | 0 | 0 | 0 | 0 | 4 | 1 | 1 | 1 | 0 | 1 | 2 | 0 | 0 | 0 | 0 | 0 | 1 |  1 | 0 | 0 | 0 | 5 | 1 | 1 | 2 | 2 | 1 | 2 | 2 | 3 | 3 | 3 | 8 | 6 |
75 | Troischt, Parker Wilson | The University of North Carolina at Chapel Hill, North Carolina, USA | 2005 | male | 2 | 0 | 2005 | 2 | 2 | 2015 | 0 | 0 | 0 | 0 | 1 | 1 | 0 | 0 | 0 | 0 | 0 | 0 | 0 | 0 | 0 | 0 | 0 |  0 | 0 | 0 | 0 | 1 | 1 | 0 | 0 | 0 | 0 | 0 | 1 | 0 | 0 | 0 | 1 | 0 |
76 | van den Broeck, Chris | The Pennsylvania State University, Pennsylvania, USA | 2005 | male | 1 | 2 | 2010 | 4 | 153 | 2017 | 0 | 0 | 0 | 0 | 0 | 1 | 0 | 0 | 0 | 1 | 1 | 0 | 0 | 0 | 0 | 0 | 0 |  0 | 0 | 0 | 0 | 1 | 3 | 2 | 12 | 14 | 17 | 12 | 9 | 20 | 9 | 15 | 8 | 27 |
77 | Woo, Jong-Hak | Yale University, Connecticut, USA | 2005 | male | 8 | 12 | 2017 | 12 | 86 | 2017 | 0 | 1 | 2 | 2 | 1 | 2 | 1 | 1 | 2 | 0 | 1 | 0 | 1 | 1 | 2 | 1 | 1 |  2 | 1 | 2 | 3 | 2 | 2 | 1 | 3 | 7 | 5 | 6 | 5 | 13 | 9 | 7 | 14 | 10 |
78 | Zakamska, Nadia L. | Princeton University, New Jersey, USA | 2005 | female | 7 | 9 | 2016 | 16 | 50 | 2017 | 0 | 0 | 0 | 2 | 2 | 3 | 2 | 0 | 2 | 0 | 1 | 1 | 0 | 0 | 1 | 0 | 2 |  0 | 1 | 0 | 5 | 3 | 7 | 5 | 0 | 3 | 3 | 2 | 2 | 1 | 5 | 8 | 3 | 12 |
79 | Andronov, Nikolay | The Ohio State University, Ohio, USA | 2005 | male | 3 | 1 | 2006 | 3 | 1 | 2006 | 0 | 0 | 0 | 1 | 1 | 1 | 1 | 0 | 0 | 0 | 0 | 0 | 0 | 0 | 0 | 0 | 0 |  0 | 0 | 0 | 1 | 1 | 1 | 1 | 0 | 0 | 0 | 0 | 0 | 0 | 0 | 0 | 0 | 0 |
80 | Bonanos, Alceste Zoe | Harvard University, Massachusetts, USA | 2005 | male | 5 | 13 | 2016 | 9 | 47 | 2017 | 0 | 0 | 0 | 2 | 2 | 1 | 2 | 3 | 2 | 2 | 1 | 2 | 0 | 0 | 0 | 0 | 1 |  1 | 0 | 0 | 3 | 3 | 2 | 3 | 4 | 4 | 4 | 3 | 8 | 2 | 1 | 2 | 8 | 4 |
81 | Catinella, Barbara | Cornell University, New York, USA | 2005 | female | 2 | 8 | 2015 | 4 | 49 | 2017 | 0 | 0 | 0 | 0 | 0 | 2 | 1 | 1 | 1 | 0 | 1 | 0 | 2 | 1 | 0 | 1 | 0 |  0 | 0 | 0 | 0 | 0 | 4 | 3 | 3 | 3 | 3 | 4 | 7 | 8 | 2 | 3 | 4 | 6 |
82 | Debes, John H., IV | The Pennsylvania State University, Pennsylvania, USA | 2005 | male | 7 | 22 | 2017 | 8 | 51 | 2017 | 0 | 0 | 2 | 0 | 2 | 3 | 4 | 2 | 4 | 1 | 1 | 2 | 3 | 1 | 0 | 1 | 2 |  0 | 0 | 3 | 0 | 2 | 3 | 4 | 2 | 4 | 3 | 2 | 3 | 5 | 4 | 5 | 4 | 12 |
83 | West, Andrew Alan | University of Washington, Washington, USA | 2005 | male | 3 | 8 | 2015 | 17 | 112 | 2017 | 0 | 0 | 0 | 0 | 1 | 2 | 1 | 0 | 2 | 2 | 1 | 1 | 0 | 0 | 0 | 1 | 0 |  0 | 0 | 0 | 3 | 5 | 9 | 8 | 11 | 11 | 14 | 13 | 11 | 16 | 7 | 8 | 7 | 4 |
84 | Allred, Joel C. | University of Washington, Washington, USA | 2005 | male | 2 | 2 | 2015 | 4 | 18 | 2017 | 0 | 0 | 0 | 0 | 0 | 2 | 1 | 0 | 0 | 0 | 0 | 0 | 0 | 0 | 0 | 1 | 0 |  0 | 0 | 0 | 1 | 0 | 3 | 3 | 1 | 0 | 0 | 0 | 1 | 0 | 0 | 2 | 4 | 3 |
85 | Bialek, John Joseph | University of Michigan, Michigan, USA | 2005 | male | 3 | 0 | 2005 | 5 | 3 | 2010 | 0 | 1 | 1 | 0 | 0 | 1 | 0 | 0 | 0 | 0 | 0 | 0 | 0 | 0 | 0 | 0 | 0 |  0 | 1 | 1 | 1 | 0 | 2 | 1 | 0 | 1 | 0 | 1 | 0 | 0 | 0 | 0 | 0 | 0 |
86 | Carriere, Josef | Indiana University, Indiana, USA | 2005 | male | 2 | 0 | 2005 | 3 | 0 | 2005 | 0 | 0 | 0 | 1 | 0 | 1 | 0 | 0 | 0 | 0 | 0 | 0 | 0 | 0 | 0 | 0 | 0 |  0 | 0 | 0 | 1 | 1 | 1 | 0 | 0 | 0 | 0 | 0 | 0 | 0 | 0 | 0 | 0 | 0 |
87 | Delahaye, Franck | The Ohio State University, Ohio, USA | 2005 | male | 4 | 3 | 2016 | 7 | 13 | 2016 | 0 | 0 | 1 | 0 | 1 | 2 | 2 | 0 | 0 | 0 | 0 | 0 | 0 | 0 | 0 | 0 | 1 |  1 | 0 | 1 | 1 | 1 | 3 | 2 | 1 | 0 | 4 | 0 | 3 | 0 | 1 | 1 | 0 | 1 |
88 | Espley, Jared R. | Rice University | 2005 | male | 3 | 3 | 2015 | 5 | 53 | 2017 | 0 | 0 | 0 | 0 | 1 | 2 | 1 | 1 | 0 | 0 | 0 | 0 | 0 | 0 | 0 | 1 | 0 |  0 | 0 | 0 | 0 | 2 | 3 | 3 | 1 | 1 | 0 | 3 | 1 | 0 | 1 | 1 | 23 | 7 |
89 | Fitzgerald, Ryan P. | The University of North Carolina at Chapel Hill, North Carolina, USA | 2005 | male | 2 | 0 | 2005 | 7 | 9 | 2010 | 0 | 0 | 0 | 0 | 0 | 2 | 0 | 0 | 0 | 0 | 0 | 0 | 0 | 0 | 0 | 0 | 0 |  0 | 0 | 1 | 1 | 0 | 5 | 0 | 5 | 0 | 1 | 3 | 0 | 0 | 0 | 0 | 0 | 0 |
90 | Gurkan, Mehmet Atakan | Northwestern University, Illinois, USA | 2005 | male | 1 | 0 | 2005 | 6 | 5 | 2011 | 0 | 0 | 0 | 0 | 0 | 1 | 0 | 0 | 0 | 0 | 0 | 0 | 0 | 0 | 0 | 0 | 0 |  1 | 0 | 0 | 1 | 2 | 2 | 2 | 2 | 0 | 0 | 0 | 1 | 0 | 0 | 0 | 0 | 0 |
91 | Herczeg, Gregory J. | University of Colorado at Boulder, Colorado, USA | 2005 | male | 4 | 9 | 2016 | 10 | 128 | 2017 | 0 | 0 | 1 | 0 | 1 | 2 | 1 | 1 | 1 | 1 | 0 | 1 | 1 | 0 | 1 | 1 | 1 |  0 | 0 | 2 | 2 | 3 | 3 | 2 | 3 | 4 | 5 | 21 | 10 | 13 | 22 | 12 | 14 | 12 |
92 | Abel, Nicholas Paul | University of Kentucky | 2005 | male | 4 | 9 | 2016 | 5 | 32 | 2017 | 0 | 0 | 0 | 1 | 1 | 2 | 3 | 1 | 3 | 1 | 0 | 0 | 0 | 0 | 0 | 0 | 1 |  0 | 0 | 0 | 1 | 1 | 3 | 4 | 3 | 7 | 4 | 1 | 1 | 3 | 2 | 2 | 2 | 1 |
93 | Vijh, U. P. | Ritter Astrophysical Research Center, University of Toledo | 2005 | None | 5 | 2 | 2009 | 5 | 21 | 2015 | 0 | 0 | 0 | 1 | 1 | 3 | 1 | 0 | 0 | 1 | 0 | 0 | 0 | 0 | 0 | 0 | 0 |  0 | 0 | 0 | 1 | 1 | 3 | 3 | 0 | 6 | 5 | 3 | 3 | 0 | 0 | 0 | 1 | 0 |
94 | Yang, Yuxuan | University of Maryland, College Park, Maryland, USA | 2005 | male | 12 | 45 | 2016 | 28 | 148 | 2017 | 1 | 2 | 1 | 3 | 2 | 3 | 1 | 3 | 3 | 8 | 9 | 5 | 5 | 5 | 3 | 1 | 2 |  3 | 3 | 2 | 4 | 7 | 9 | 7 | 10 | 11 | 18 | 22 | 17 | 14 | 11 | 9 | 13 | 10 |
95 | Datesman, Aaron Michael | University of Virginia | 2005 | male | 1 | 0 | 2005 | 1 | 1 | 2016 | 0 | 0 | 0 | 0 | 0 | 1 | 0 | 0 | 0 | 0 | 0 | 0 | 0 | 0 | 0 | 0 | 0 |  0 | 0 | 0 | 0 | 0 | 1 | 0 | 0 | 0 | 0 | 0 | 0 | 0 | 0 | 0 | 0 | 1 |
96 | Esquivel, Alejandro | The University of Wisconsin - Madison, Wisconsin, USA | 2005 | male | 3 | 11 | 2015 | 5 | 66 | 2017 | 0 | 0 | 0 | 1 | 0 | 2 | 1 | 3 | 0 | 2 | 2 | 1 | 0 | 1 | 0 | 1 | 0 |  0 | 1 | 0 | 2 | 0 | 2 | 2 | 8 | 5 | 12 | 2 | 8 | 4 | 6 | 6 | 6 | 5 |
97 | Farahat, Ashraf Mohamed Samir | Florida Institute of Technology, Florida, USA | 2005 | male | 2 | 4 | 2010 | 2 | 5 | 2017 | 0 | 0 | 0 | 0 | 0 | 2 | 0 | 0 | 3 | 0 | 1 | 0 | 0 | 0 | 0 | 0 | 0 |  0 | 0 | 0 | 0 | 0 | 2 | 0 | 0 | 3 | 0 | 1 | 0 | 0 | 0 | 0 | 0 | 0 |
98 | Gold, Benjamin Mark | University of California, Davis, California, USA | 2005 | male | 3 | 2 | 2011 | 3 | 22 | 2016 | 0 | 0 | 0 | 1 | 0 | 2 | 0 | 0 | 0 | 1 | 0 | 1 | 0 | 0 | 0 | 0 | 0 |  0 | 0 | 0 | 1 | 0 | 2 | 0 | 1 | 0 | 8 | 1 | 6 | 1 | 2 | 1 | 0 | 2 |
99 | Platco, Nicholas L. ., Jr. | Temple University, Pennsylvania, USA | 2005 | male | 1 | 0 | 2005 | 1 | 0 | 2005 | 0 | 0 | 0 | 0 | 0 | 1 | 0 | 0 | 0 | 0 | 0 | 0 | 0 | 0 | 0 | 0 | 0 |  0 | 0 | 0 | 0 | 0 | 1 | 0 | 0 | 0 | 0 | 0 | 0 | 0 | 0 | 0 | 0 | 0 |
100 | Rosolowsky, Erik William | University of California, Berkeley | 2005 | male | 6 | 20 | 2016 | 10 | 112 | 2017 | 0 | 0 | 0 | 1 | 1 | 4 | 1 | 2 | 3 | 0 | 1 | 1 | 0 | 0 | 0 | 6 | 6 |  0 | 1 | 0 | 2 | 3 | 4 | 3 | 5 | 6 | 6 | 11 | 7 | 4 | 10 | 6 | 25 | 17 |
101 | Simon, Joshua David | University of California, Berkeley | 2005 | male | 4 | 11 | 2017 | 9 | 101 | 2017 | 0 | 0 | 1 | 1 | 0 | 2 | 2 | 3 | 0 | 1 | 1 | 1 | 0 | 0 | 0 | 2 | 0 |  1 | 0 | 3 | 1 | 0 | 4 | 2 | 8 | 7 | 4 | 10 | 9 | 7 | 12 | 8 | 14 | 15 |
102 | Chu, I. -Wen Mike | University of California, Davis, California, USA | 2005 | None | 1 | 0 | 2005 | 1 | 0 | 2005 | 0 | 0 | 0 | 0 | 0 | 1 | 0 | 0 | 0 | 0 | 0 | 0 | 0 | 0 | 0 | 0 | 0 |  0 | 0 | 0 | 0 | 0 | 1 | 0 | 0 | 0 | 0 | 0 | 0 | 0 | 0 | 0 | 0 | 0 |
103 | Yuksel, Hasan | The University of Wisconsin - Madison, Wisconsin, USA | 2005 | male | 1 | 0 | 2005 | 6 | 24 | 2017 | 0 | 0 | 0 | 0 | 0 | 1 | 0 | 0 | 0 | 0 | 0 | 0 | 0 | 0 | 0 | 0 | 0 |  0 | 0 | 0 | 3 | 0 | 3 | 3 | 4 | 7 | 3 | 1 | 1 | 1 | 1 | 1 | 1 | 0 |
104 | Zaharijas, Gabrijela | New York University, New York, USA | 2005 | female | 2 | 2 | 2013 | 2 | 41 | 2017 | 0 | 0 | 0 | 0 | 0 | 2 | 1 | 0 | 0 | 0 | 0 | 0 | 0 | 1 | 0 | 0 | 0 |  0 | 0 | 0 | 0 | 0 | 2 | 2 | 1 | 3 | 2 | 2 | 0 | 5 | 3 | 4 | 7 | 8 |
105 | Brink, Jeandrew | Cornell University, New York, USA | 2005 | None | 4 | 8 | 2015 | 7 | 15 | 2015 | 0 | 0 | 0 | 0 | 2 | 2 | 0 | 0 | 2 | 0 | 2 | 1 | 0 | 1 | 0 | 2 | 0 |  3 | 0 | 0 | 0 | 2 | 2 | 1 | 1 | 3 | 0 | 2 | 3 | 1 | 1 | 1 | 2 | 0 |
106 | Cuk, Matija | Cornell University, New York, USA | 2005 | male | 1 | 0 | 2005 | 6 | 22 | 2016 | 0 | 0 | 0 | 0 | 0 | 1 | 0 | 0 | 0 | 0 | 0 | 0 | 0 | 0 | 0 | 0 | 0 |  0 | 0 | 0 | 0 | 3 | 3 | 1 | 2 | 1 | 2 | 3 | 2 | 4 | 1 | 3 | 1 | 2 |
107 | Kuritsyn, Alexey | Princeton University, New Jersey, USA | 2005 | male | 1 | 1 | 2007 | 1 | 1 | 2007 | 0 | 0 | 0 | 0 | 0 | 1 | 0 | 1 | 0 | 0 | 0 | 0 | 0 | 0 | 0 | 0 | 0 |  0 | 0 | 0 | 0 | 0 | 1 | 0 | 1 | 0 | 0 | 0 | 0 | 0 | 0 | 0 | 0 | 0 |
108 | Masters, Karen Louise | Cornell University, New York, USA | 2005 | female | 4 | 11 | 2014 | 8 | 91 | 2017 | 0 | 0 | 0 | 1 | 2 | 1 | 1 | 0 | 1 | 0 | 3 | 3 | 1 | 0 | 2 | 0 | 0 |  1 | 0 | 0 | 1 | 2 | 4 | 1 | 3 | 5 | 1 | 6 | 12 | 8 | 10 | 10 | 13 | 13 |
109 | Noyes, David | University of Maryland, llege Park, Maryland, USA | 2005 | male | 2 | 0 | 2005 | 8 | 8 | 2012 | 0 | 0 | 0 | 0 | 0 | 2 | 0 | 0 | 0 | 0 | 0 | 0 | 0 | 0 | 0 | 0 | 0 |  0 | 0 | 0 | 1 | 3 | 4 | 0 | 3 | 3 | 1 | 0 | 0 | 1 | 0 | 0 | 0 | 0 |
110 | Ouellette, Michelle Suzanne | Michigan State University, Michigan, USA | 2005 | female | 1 | 0 | 2005 | 8 | 3 | 2011 | 0 | 0 | 0 | 0 | 0 | 1 | 0 | 0 | 0 | 0 | 0 | 0 | 0 | 0 | 0 | 0 | 0 |  0 | 2 | 1 | 1 | 0 | 4 | 1 | 0 | 0 | 0 | 1 | 1 | 0 | 0 | 0 | 0 | 0 |
111 | Pollack, Scott E. | University of Colorado at Boulder, Colorado, USA | 2005 | male | 3 | 4 | 2010 | 8 | 4 | 2010 | 0 | 0 | 0 | 1 | 1 | 1 | 2 | 0 | 1 | 0 | 1 | 0 | 0 | 0 | 0 | 0 | 0 |  0 | 1 | 0 | 2 | 2 | 3 | 2 | 0 | 1 | 0 | 1 | 0 | 0 | 0 | 0 | 0 | 0 |
112 | Li, Xianghua | University of Massachusetts | 2005 | female | 16 | 49 | 2017 | 47 | 204 | 2017 | 5 | 1 | 1 | 5 | 1 | 3 | 3 | 2 | 3 | 10 | 4 | 4 | 9 | 5 | 2 | 3 | 3 |  7 | 8 | 3 | 13 | 7 | 9 | 11 | 16 | 10 | 25 | 11 | 18 | 23 | 20 | 23 | 17 | 25 |
113 | Stark, Michele A. | The Pennsylvania State University | 2005 | male | 6 | 2 | 2008 | 17 | 9 | 2012 | 1 | 0 | 2 | 1 | 1 | 1 | 1 | 0 | 1 | 0 | 0 | 0 | 0 | 0 | 0 | 0 | 0 |  1 | 0 | 9 | 1 | 3 | 3 | 4 | 0 | 1 | 2 | 0 | 0 | 2 | 0 | 0 | 0 | 0 |
114 | Mackler, David A. | Embry-Riddle Aeronautical University | 2005 | male | 1 | 1 | 2016 | 1 | 1 | 2016 | 0 | 0 | 0 | 0 | 0 | 1 | 0 | 0 | 0 | 0 | 0 | 0 | 0 | 0 | 0 | 0 | 1 |  0 | 0 | 0 | 0 | 0 | 1 | 0 | 0 | 0 | 0 | 0 | 0 | 0 | 0 | 0 | 0 | 1 |
115 | Barat, Nirmalya | State University of New York at Albany | 2005 | male | 1 | 0 | 2005 | 1 | 0 | 2005 | 0 | 0 | 0 | 0 | 0 | 1 | 0 | 0 | 0 | 0 | 0 | 0 | 0 | 0 | 0 | 0 | 0 |  0 | 0 | 0 | 0 | 0 | 1 | 0 | 0 | 0 | 0 | 0 | 0 | 0 | 0 | 0 | 0 | 0 |
116 | Lewis, Karen Theresa | The Pennsylvania State University | 2005 | female | 4 | 3 | 2011 | 4 | 13 | 2016 | 0 | 0 | 0 | 2 | 0 | 2 | 1 | 0 | 0 | 0 | 1 | 1 | 0 | 0 | 0 | 0 | 0 |  0 | 0 | 0 | 2 | 0 | 2 | 2 | 1 | 1 | 2 | 3 | 1 | 0 | 0 | 2 | 0 | 1 |
117 | Pavlidou, Vasiliki | University of Illinois at Urbana-Champaign | 2005 | female | 7 | 9 | 2014 | 9 | 82 | 2017 | 1 | 3 | 1 | 0 | 0 | 2 | 1 | 1 | 2 | 0 | 0 | 1 | 1 | 0 | 3 | 0 | 0 |  1 | 3 | 3 | 0 | 0 | 2 | 1 | 4 | 8 | 10 | 12 | 10 | 5 | 2 | 11 | 8 | 8 |
118 | Tian, Feng | University of Colorado at Boulder, Colorado, USA | 2005 | male | 4 | 15 | 2015 | 4 | 38 | 2017 | 0 | 0 | 0 | 0 | 0 | 4 | 0 | 1 | 2 | 2 | 1 | 1 | 1 | 2 | 1 | 4 | 0 |  0 | 0 | 0 | 0 | 0 | 4 | 0 | 1 | 4 | 2 | 1 | 1 | 3 | 5 | 6 | 6 | 7 |
119 | Vanin, Felice Maria | University of Maryland, College Park | 2005 | male | 1 | 0 | 2005 | 1 | 0 | 2005 | 0 | 0 | 0 | 0 | 0 | 1 | 0 | 0 | 0 | 0 | 0 | 0 | 0 | 0 | 0 | 0 | 0 |  0 | 0 | 0 | 0 | 0 | 1 | 0 | 0 | 0 | 0 | 0 | 0 | 0 | 0 | 0 | 0 | 0 |
120 | Wang, Xiao | University of Michigan, Michigan, USA | 2005 | male | 32 | 85 | 2017 | 107 | 363 | 2017 | 3 | 5 | 6 | 6 | 2 | 10 | 4 | 5 | 5 | 13 | 8 | 5 | 13 | 9 | 7 | 8 | 7 |  5 | 22 | 11 | 27 | 9 | 33 | 26 | 21 | 36 | 27 | 17 | 18 | 30 | 25 | 42 | 46 | 63 |
121 | Sigurdson, Kris | California Institute of Technology | 2005 | male | 7 | 3 | 2006 | 8 | 40 | 2017 | 1 | 0 | 1 | 1 | 2 | 2 | 3 | 0 | 0 | 0 | 0 | 0 | 0 | 0 | 0 | 0 | 0 |  1 | 0 | 1 | 1 | 2 | 3 | 5 | 3 | 0 | 4 | 3 | 5 | 2 | 3 | 6 | 4 | 3 |
122 | Sokolov, Andrei | Boston University, Massachusetts, USA | 2005 | male | 3 | 0 | 2005 | 5 | 9 | 2017 | 0 | 0 | 0 | 0 | 1 | 2 | 0 | 0 | 0 | 0 | 0 | 0 | 0 | 0 | 0 | 0 | 0 |  1 | 0 | 0 | 0 | 1 | 3 | 2 | 2 | 1 | 0 | 0 | 0 | 0 | 2 | 0 | 0 | 0 |
123 | Shaw, Gargi | University of Kentucky | 2005 | female | 2 | 5 | 2016 | 6 | 15 | 2016 | 0 | 0 | 0 | 0 | 0 | 2 | 1 | 0 | 2 | 1 | 0 | 0 | 0 | 0 | 0 | 0 | 1 |  0 | 0 | 0 | 1 | 1 | 4 | 2 | 3 | 5 | 2 | 0 | 0 | 1 | 1 | 0 | 0 | 1 |
124 | Sarrazine, Angela Renee | Indiana University | 2005 | female | 1 | 0 | 2005 | 1 | 2 | 2013 | 0 | 0 | 0 | 0 | 0 | 1 | 0 | 0 | 0 | 0 | 0 | 0 | 0 | 0 | 0 | 0 | 0 |  0 | 0 | 0 | 0 | 0 | 1 | 0 | 1 | 0 | 0 | 0 | 0 | 0 | 1 | 0 | 0 | 0 |
125 | Sheikh, Suneel Ismail | University of Maryland, llege Park, Maryland, USA | 2005 | male | 1 | 0 | 2005 | 1 | 0 | 2005 | 0 | 0 | 0 | 0 | 0 | 1 | 0 | 0 | 0 | 0 | 0 | 0 | 0 | 0 | 0 | 0 | 0 |  0 | 0 | 0 | 0 | 0 | 1 | 0 | 0 | 0 | 0 | 0 | 0 | 0 | 0 | 0 | 0 | 0 |
126 | Chamberlin, Phillip Clyde | University of Colorado at Boulder | 2005 | male | 1 | 7 | 2016 | 2 | 51 | 2017 | 0 | 0 | 0 | 0 | 0 | 1 | 0 | 1 | 2 | 1 | 0 | 0 | 1 | 0 | 0 | 0 | 2 |  0 | 0 | 0 | 0 | 0 | 2 | 1 | 1 | 6 | 4 | 3 | 3 | 11 | 3 | 3 | 8 | 5 |
127 | Johnson, Bryan Mark | University of Illinois at Urbana-Champaign | 2005 | male | 4 | 12 | 2017 | 16 | 68 | 2017 | 0 | 0 | 0 | 1 | 0 | 3 | 2 | 2 | 2 | 1 | 0 | 0 | 0 | 1 | 2 | 1 | 0 |  0 | 0 | 0 | 1 | 3 | 12 | 6 | 10 | 16 | 18 | 5 | 1 | 2 | 1 | 2 | 2 | 4 |
128 | Coyner, Aaron J. | Rice University | 2005 | male | 1 | 3 | 2011 | 1 | 5 | 2013 | 0 | 0 | 0 | 0 | 0 | 1 | 0 | 0 | 0 | 2 | 0 | 1 | 0 | 0 | 0 | 0 | 0 |  0 | 0 | 0 | 0 | 0 | 1 | 1 | 0 | 0 | 2 | 0 | 1 | 0 | 1 | 0 | 0 | 0 |
129 | Lin, Yen-Ting | University of Illinois at Urbana-Champaign | 2005 | male | 20 | 21 | 2016 | 31 | 91 | 2017 | 1 | 2 | 4 | 8 | 2 | 3 | 4 | 3 | 2 | 2 | 3 | 0 | 3 | 1 | 2 | 0 | 1 |  3 | 4 | 5 | 12 | 2 | 5 | 5 | 6 | 4 | 5 | 10 | 16 | 13 | 9 | 7 | 8 | 7 |
130 | Portuondo, Maria M. | The Johns Hopkins University | 2005 | female | 1 | 2 | 2010 | 1 | 2 | 2010 | 0 | 0 | 0 | 0 | 0 | 1 | 0 | 0 | 0 | 1 | 1 | 0 | 0 | 0 | 0 | 0 | 0 |  0 | 0 | 0 | 0 | 0 | 1 | 0 | 0 | 0 | 1 | 1 | 0 | 0 | 0 | 0 | 0 | 0 |
131 | Muterspaugh, Matthew Ward | Massachusetts Institute of Technology | 2005 | male | 2 | 10 | 2015 | 3 | 40 | 2016 | 0 | 0 | 0 | 0 | 0 | 2 | 3 | 0 | 1 | 0 | 5 | 0 | 0 | 0 | 0 | 1 | 0 |  0 | 0 | 0 | 0 | 1 | 2 | 6 | 3 | 1 | 2 | 7 | 1 | 3 | 3 | 3 | 5 | 6 |
132 | Wen, Chun-Hsien | The Pennsylvania State University, Pennsylvania, USA | 2005 | male | 3 | 1 | 2007 | 4 | 1 | 2007 | 0 | 0 | 0 | 0 | 0 | 3 | 0 | 1 | 0 | 0 | 0 | 0 | 0 | 0 | 0 | 0 | 0 |  0 | 0 | 0 | 1 | 0 | 3 | 0 | 1 | 0 | 0 | 0 | 0 | 0 | 0 | 0 | 0 | 0 |
133 | Hurford, Terry Anthony, Jr. | The University of Arizona, Arizona, USA | 2005 | male | 3 | 7 | 2016 | 6 | 24 | 2017 | 1 | 0 | 0 | 0 | 0 | 2 | 0 | 2 | 0 | 2 | 0 | 0 | 1 | 0 | 1 | 0 | 1 |  1 | 1 | 1 | 1 | 0 | 2 | 1 | 2 | 0 | 2 | 2 | 2 | 4 | 1 | 3 | 4 | 2 |
134 | Kosack, Karl Peter | Washington University, Missouri, USA | 2005 | male | 4 | 1 | 2011 | 34 | 144 | 2017 | 0 | 1 | 0 | 1 | 1 | 1 | 0 | 0 | 0 | 0 | 0 | 1 | 0 | 0 | 0 | 0 | 0 |  0 | 2 | 3 | 19 | 5 | 5 | 10 | 14 | 18 | 18 | 7 | 15 | 16 | 11 | 17 | 10 | 4 |
135 | Li, Yuexing | Columbia University, New York, USA | 2005 | female | 25 | 62 | 2017 | 61 | 211 | 2017 | 1 | 4 | 2 | 4 | 5 | 9 | 3 | 8 | 8 | 2 | 4 | 8 | 7 | 3 | 9 | 5 | 2 |  8 | 11 | 8 | 7 | 15 | 12 | 11 | 13 | 16 | 12 | 6 | 24 | 27 | 24 | 34 | 21 | 13 |
136 | Mithaiwala, Manish Jay | The University of Texas at Austin, Texas, USA | 2005 | male | 2 | 3 | 2013 | 2 | 8 | 2013 | 0 | 0 | 0 | 0 | 0 | 2 | 0 | 1 | 0 | 0 | 0 | 1 | 0 | 1 | 0 | 0 | 0 |  0 | 0 | 0 | 0 | 0 | 2 | 0 | 2 | 0 | 0 | 0 | 2 | 3 | 1 | 0 | 0 | 0 |
137 | Nguyen, Lan-Anh Ngoc | Washington University, Missouri, USA | 2005 | female | 1 | 1 | 2013 | 2 | 2 | 2013 | 0 | 0 | 0 | 0 | 0 | 1 | 0 | 0 | 0 | 0 | 0 | 0 | 0 | 1 | 0 | 0 | 0 |  0 | 1 | 0 | 0 | 0 | 1 | 0 | 0 | 0 | 0 | 1 | 0 | 0 | 1 | 0 | 0 | 0 |
138 | Piontek, Robert Andrew | University of Maryland, College Park | 2005 | male | 3 | 2 | 2009 | 5 | 4 | 2011 | 0 | 0 | 0 | 0 | 1 | 2 | 0 | 1 | 0 | 1 | 0 | 0 | 0 | 0 | 0 | 0 | 0 |  2 | 0 | 0 | 0 | 1 | 2 | 0 | 1 | 0 | 2 | 0 | 1 | 0 | 0 | 0 | 0 | 0 |
139 | Wang, You-Ren | The University of Wisconsin - Madison | 2005 | male | 11 | 32 | 2016 | 43 | 217 | 2017 | 3 | 2 | 0 | 1 | 3 | 2 | 0 | 1 | 1 | 4 | 2 | 5 | 4 | 3 | 5 | 4 | 3 |  6 | 3 | 2 | 6 | 13 | 13 | 14 | 6 | 14 | 20 | 16 | 22 | 15 | 13 | 16 | 23 | 44 |
140 | Byboth, Kristopher Neil | Stephen F. Austin State University | 2005 | male | 2 | 1 | 2006 | 2 | 1 | 2006 | 0 | 0 | 0 | 0 | 1 | 1 | 1 | 0 | 0 | 0 | 0 | 0 | 0 | 0 | 0 | 0 | 0 |  0 | 0 | 0 | 0 | 1 | 1 | 1 | 0 | 0 | 0 | 0 | 0 | 0 | 0 | 0 | 0 | 0 |
141 | Chen, Yun | University of Illinois at Urbana-Champaign, Illinois, USA | 2005 | male | 31 | 64 | 2017 | 98 | 420 | 2017 | 3 | 7 | 3 | 8 | 5 | 5 | 6 | 6 | 4 | 3 | 9 | 8 | 3 | 2 | 6 | 9 | 6 |  14 | 13 | 8 | 14 | 21 | 28 | 24 | 25 | 30 | 33 | 29 | 36 | 44 | 27 | 46 | 43 | 63 |
142 | Donato, Davide | George Mason University, Virginia, USA | 2005 | male | 5 | 2 | 2014 | 6 | 40 | 2016 | 0 | 1 | 0 | 1 | 1 | 2 | 0 | 0 | 0 | 0 | 0 | 0 | 1 | 0 | 1 | 0 | 0 |  0 | 1 | 0 | 1 | 2 | 2 | 1 | 2 | 1 | 4 | 4 | 12 | 8 | 2 | 4 | 1 | 1 |
143 | Hosmer, Paul Thomas | Michigan State University, Michigan, USA | 2005 | male | 2 | 1 | 2010 | 5 | 5 | 2017 | 0 | 0 | 0 | 0 | 0 | 2 | 0 | 0 | 0 | 0 | 1 | 0 | 0 | 0 | 0 | 0 | 0 |  0 | 0 | 0 | 0 | 1 | 4 | 1 | 0 | 1 | 0 | 1 | 0 | 0 | 0 | 1 | 0 | 0 |
144 | Silge, Julia Dorothea | The University of Texas at Austin, Texas, USA | 2005 | female | 3 | 0 | 2005 | 3 | 2 | 2008 | 0 | 0 | 0 | 1 | 0 | 2 | 0 | 0 | 0 | 0 | 0 | 0 | 0 | 0 | 0 | 0 | 0 |  0 | 0 | 0 | 1 | 0 | 2 | 0 | 1 | 1 | 0 | 0 | 0 | 0 | 0 | 0 | 0 | 0 |
145 | Bongard, Sebastien | The University of Oklahoma, Oklahoma, USA | 2005 | male | 1 | 3 | 2011 | 1 | 32 | 2017 | 0 | 0 | 0 | 0 | 0 | 1 | 1 | 0 | 1 | 0 | 0 | 1 | 0 | 0 | 0 | 0 | 0 |  0 | 0 | 0 | 0 | 0 | 1 | 4 | 1 | 1 | 1 | 1 | 5 | 2 | 7 | 2 | 7 | 0 |
146 | Crockett, Robert Keith | University of California, rkeley, California, USA | 2005 | male | 2 | 0 | 2005 | 2 | 0 | 2005 | 0 | 0 | 0 | 0 | 0 | 2 | 0 | 0 | 0 | 0 | 0 | 0 | 0 | 0 | 0 | 0 | 0 |  0 | 0 | 0 | 0 | 0 | 2 | 0 | 0 | 0 | 0 | 0 | 0 | 0 | 0 | 0 | 0 | 0 |
147 | Cirtain, Jonathan Wesley | Montana State University, Montana, USA | 2005 | male | 2 | 4 | 2013 | 8 | 42 | 2017 | 0 | 0 | 0 | 1 | 0 | 1 | 1 | 2 | 0 | 0 | 0 | 0 | 0 | 1 | 0 | 0 | 0 |  0 | 1 | 2 | 3 | 0 | 2 | 1 | 9 | 3 | 2 | 2 | 4 | 2 | 8 | 5 | 0 | 2 |
148 | Dorofeev, Alexei V. | Michigan Technological University, Michigan, USA | 2005 | male | 2 | 0 | 2005 | 7 | 64 | 2016 | 0 | 0 | 0 | 1 | 0 | 1 | 0 | 0 | 0 | 0 | 0 | 0 | 0 | 0 | 0 | 0 | 0 |  0 | 0 | 0 | 3 | 1 | 3 | 0 | 3 | 5 | 3 | 6 | 8 | 11 | 3 | 10 | 8 | 7 |
149 | Aubailly, Mathieu | Michigan Technological University | 2005 | male | 1 | 1 | 2007 | 1 | 1 | 2007 | 0 | 0 | 0 | 0 | 0 | 1 | 0 | 1 | 0 | 0 | 0 | 0 | 0 | 0 | 0 | 0 | 0 |  0 | 0 | 0 | 0 | 0 | 1 | 0 | 1 | 0 | 0 | 0 | 0 | 0 | 0 | 0 | 0 | 0 |
150 | Burke, Christopher J. | The Ohio State University, Ohio, USA | 2005 | male | 3 | 8 | 2015 | 4 | 57 | 2017 | 0 | 0 | 0 | 0 | 2 | 1 | 1 | 1 | 2 | 0 | 1 | 0 | 0 | 0 | 2 | 1 | 0 |  0 | 0 | 0 | 0 | 2 | 2 | 2 | 2 | 4 | 4 | 5 | 7 | 9 | 6 | 5 | 8 | 4 |
151 | Chang, Clarence Leeder | Stanford University, California, USA | 2005 | male | 1 | 9 | 2016 | 11 | 102 | 2017 | 0 | 0 | 0 | 0 | 0 | 1 | 0 | 0 | 1 | 0 | 0 | 0 | 1 | 3 | 0 | 3 | 1 |  0 | 0 | 6 | 2 | 1 | 2 | 3 | 2 | 3 | 2 | 8 | 11 | 14 | 16 | 9 | 16 | 14 |
152 | Dimian, Mihai | University of Maryland, llege Park, Maryland, USA | 2005 | male | 1 | 1 | 2007 | 1 | 1 | 2007 | 0 | 0 | 0 | 0 | 0 | 1 | 0 | 1 | 0 | 0 | 0 | 0 | 0 | 0 | 0 | 0 | 0 |  0 | 0 | 0 | 0 | 0 | 1 | 0 | 1 | 0 | 0 | 0 | 0 | 0 | 0 | 0 | 0 | 0 |
153 | Fanetti, Tina M. | University of Missouri - Saint Louis | 2005 | female | 1 | 0 | 2005 | 1 | 1 | 2007 | 0 | 0 | 0 | 0 | 0 | 1 | 0 | 0 | 0 | 0 | 0 | 0 | 0 | 0 | 0 | 0 | 0 |  0 | 0 | 0 | 0 | 0 | 1 | 0 | 1 | 0 | 0 | 0 | 0 | 0 | 0 | 0 | 0 | 0 |
154 | Kubica, Jeremy | Carnegie Mellon University, Pennsylvania, USA | 2005 | male | 1 | 1 | 2007 | 1 | 3 | 2013 | 0 | 0 | 0 | 0 | 0 | 1 | 0 | 1 | 0 | 0 | 0 | 0 | 0 | 0 | 0 | 0 | 0 |  0 | 0 | 0 | 0 | 0 | 1 | 0 | 1 | 0 | 1 | 0 | 0 | 0 | 1 | 0 | 0 | 0 |
155 | Li, Han | Northwestern University, Illinois, USA | 2005 | male | 10 | 49 | 2017 | 26 | 169 | 2017 | 1 | 3 | 3 | 0 | 0 | 3 | 2 | 2 | 3 | 7 | 4 | 3 | 2 | 6 | 8 | 5 | 4 |  5 | 7 | 6 | 0 | 2 | 6 | 4 | 4 | 18 | 17 | 15 | 13 | 13 | 17 | 28 | 22 | 11 |
156 | Penley, Jonathan Jay | Wichita State University | 2005 | male | 1 | 0 | 2005 | 1 | 1 | 2007 | 0 | 0 | 0 | 0 | 0 | 1 | 0 | 0 | 0 | 0 | 0 | 0 | 0 | 0 | 0 | 0 | 0 |  0 | 0 | 0 | 0 | 0 | 1 | 0 | 1 | 0 | 0 | 0 | 0 | 0 | 0 | 0 | 0 | 0 |
157 | Rogel, Allen B. | Indiana University, Indiana, USA | 2005 | male | 1 | 2 | 2008 | 2 | 4 | 2013 | 0 | 0 | 0 | 0 | 0 | 1 | 1 | 0 | 1 | 0 | 0 | 0 | 0 | 0 | 0 | 0 | 0 |  0 | 0 | 0 | 0 | 0 | 2 | 1 | 0 | 1 | 0 | 0 | 0 | 1 | 1 | 0 | 0 | 0 |
158 | Siana, Brian D. | University of California, San Diego, California, USA | 2005 | male | 1 | 6 | 2015 | 6 | 91 | 2017 | 0 | 0 | 0 | 0 | 0 | 1 | 0 | 1 | 2 | 1 | 1 | 0 | 0 | 0 | 0 | 1 | 0 |  0 | 0 | 0 | 1 | 2 | 3 | 7 | 4 | 6 | 9 | 7 | 10 | 4 | 7 | 5 | 14 | 13 |
159 | Laroque, Samuel J. | The University of Chicago, Illinois, USA | 2005 | male | 1 | 0 | 2005 | 7 | 4 | 2008 | 0 | 0 | 0 | 0 | 0 | 1 | 0 | 0 | 0 | 0 | 0 | 0 | 0 | 0 | 0 | 0 | 0 |  0 | 2 | 2 | 1 | 1 | 1 | 3 | 0 | 1 | 0 | 0 | 0 | 0 | 0 | 0 | 0 | 0 |
160 | McGehee, Peregrine M. | New Mexico State University, New Mexico, USA | 2005 | male | 3 | 1 | 2006 | 13 | 72 | 2016 | 0 | 0 | 0 | 0 | 1 | 2 | 1 | 0 | 0 | 0 | 0 | 0 | 0 | 0 | 0 | 0 | 0 |  1 | 0 | 2 | 2 | 5 | 3 | 4 | 1 | 1 | 2 | 1 | 16 | 2 | 1 | 11 | 3 | 30 |
161 | Niles, Paul Breckenridge | Arizona State University, Arizona, USA | 2005 | male | 2 | 4 | 2013 | 2 | 36 | 2016 | 0 | 0 | 0 | 0 | 0 | 2 | 0 | 0 | 0 | 2 | 1 | 0 | 0 | 1 | 0 | 0 | 0 |  0 | 0 | 0 | 0 | 0 | 2 | 0 | 0 | 1 | 2 | 3 | 0 | 1 | 14 | 7 | 6 | 2 |
162 | Ohnuki, Tohru | University of California, Los Angeles, California, USA | 2005 | male | 3 | 2 | 2009 | 9 | 12 | 2009 | 0 | 0 | 0 | 2 | 0 | 1 | 0 | 0 | 1 | 1 | 0 | 0 | 0 | 0 | 0 | 0 | 0 |  0 | 0 | 0 | 5 | 1 | 3 | 0 | 3 | 6 | 3 | 0 | 0 | 0 | 0 | 0 | 0 | 0 |
163 | Patnaude, Daniel James | Dartmouth College, New Hampshire, USA | 2005 | male | 4 | 9 | 2015 | 5 | 30 | 2017 | 0 | 0 | 1 | 1 | 0 | 2 | 0 | 1 | 0 | 2 | 1 | 2 | 1 | 0 | 1 | 1 | 0 |  0 | 1 | 1 | 1 | 0 | 2 | 0 | 3 | 0 | 2 | 2 | 5 | 4 | 3 | 4 | 4 | 2 |
164 | Racine, Etienne | Cornell University, New York, USA | 2005 | male | 2 | 6 | 2011 | 2 | 10 | 2013 | 0 | 0 | 0 | 0 | 0 | 2 | 1 | 2 | 1 | 1 | 0 | 1 | 0 | 0 | 0 | 0 | 0 |  0 | 0 | 0 | 0 | 0 | 2 | 1 | 3 | 1 | 2 | 0 | 2 | 0 | 1 | 0 | 0 | 0 |
165 | Sowards-Emmerd, David | Stanford University, California, USA | 2005 | male | 5 | 0 | 2005 | 6 | 0 | 2005 | 1 | 0 | 0 | 1 | 1 | 2 | 0 | 0 | 0 | 0 | 0 | 0 | 0 | 0 | 0 | 0 | 0 |  1 | 0 | 0 | 1 | 2 | 2 | 0 | 0 | 0 | 0 | 0 | 0 | 0 | 0 | 0 | 0 | 0 |
166 | Tinker, Jeremy L. | The Ohio State University, Ohio, USA | 2005 | male | 3 | 17 | 2017 | 5 | 117 | 2017 | 0 | 0 | 1 | 0 | 0 | 2 | 2 | 2 | 3 | 1 | 4 | 0 | 2 | 1 | 0 | 0 | 0 |  0 | 0 | 3 | 0 | 0 | 2 | 3 | 2 | 6 | 4 | 8 | 7 | 14 | 17 | 16 | 7 | 15 |
167 | Anthoine, Sandrine | Princeton University, New Jersey, USA | 2005 | female | 1 | 0 | 2005 | 3 | 1 | 2006 | 0 | 0 | 0 | 0 | 0 | 1 | 0 | 0 | 0 | 0 | 0 | 0 | 0 | 0 | 0 | 0 | 0 |  0 | 0 | 0 | 0 | 0 | 3 | 1 | 0 | 0 | 0 | 0 | 0 | 0 | 0 | 0 | 0 | 0 |
168 | Browning, Matthew Keith Morris | University of Colorado at Boulder, Colorado, USA | 2005 | male | 1 | 1 | 2014 | 1 | 2 | 2014 | 0 | 0 | 0 | 0 | 0 | 1 | 0 | 0 | 0 | 0 | 0 | 0 | 0 | 0 | 1 | 0 | 0 |  0 | 0 | 0 | 0 | 0 | 1 | 0 | 0 | 0 | 1 | 0 | 0 | 0 | 0 | 1 | 0 | 0 |
169 | Conley, Alexander Joseph | University of California, Berkeley, California, USA | 2005 | male | 1 | 6 | 2011 | 11 | 118 | 2016 | 0 | 0 | 0 | 0 | 0 | 1 | 2 | 1 | 1 | 0 | 0 | 2 | 0 | 0 | 0 | 0 | 0 |  0 | 1 | 1 | 2 | 2 | 5 | 7 | 5 | 6 | 5 | 27 | 13 | 12 | 23 | 15 | 2 | 3 |
170 | Eisner, Joshua A. | California Institute of Technology | 2005 | male | 10 | 18 | 2016 | 14 | 36 | 2016 | 0 | 2 | 2 | 2 | 1 | 3 | 2 | 4 | 1 | 2 | 2 | 1 | 1 | 1 | 1 | 2 | 1 |  0 | 2 | 2 | 2 | 1 | 7 | 2 | 6 | 1 | 4 | 3 | 1 | 5 | 2 | 3 | 8 | 1 |
171 | Forbes, Michael Mcneil | Massachusetts Institute of Technology, Massachusetts, USA | 2005 | male | 3 | 2 | 2010 | 3 | 5 | 2016 | 1 | 0 | 1 | 0 | 0 | 1 | 0 | 0 | 1 | 0 | 1 | 0 | 0 | 0 | 0 | 0 | 0 |  1 | 0 | 1 | 0 | 0 | 1 | 0 | 0 | 1 | 0 | 1 | 0 | 0 | 1 | 0 | 0 | 2 |
172 | Gonzalez Sanchez, Maria Magdalena | The University of Wisconsin - Madison, Wisconsin, USA | 2005 | female | 1 | 0 | 2005 | 1 | 0 | 2005 | 0 | 0 | 0 | 0 | 0 | 1 | 0 | 0 | 0 | 0 | 0 | 0 | 0 | 0 | 0 | 0 | 0 |  0 | 0 | 0 | 0 | 0 | 1 | 0 | 0 | 0 | 0 | 0 | 0 | 0 | 0 | 0 | 0 | 0 |
173 | Jacobs, Vincent | Rutgers The State University of New Jersey - New Brunswick, New Jersey, USA | 2005 | male | 2 | 0 | 2005 | 3 | 0 | 2005 | 0 | 1 | 0 | 0 | 0 | 1 | 0 | 0 | 0 | 0 | 0 | 0 | 0 | 0 | 0 | 0 | 0 |  0 | 1 | 0 | 1 | 0 | 1 | 0 | 0 | 0 | 0 | 0 | 0 | 0 | 0 | 0 | 0 | 0 |
174 | McGovern, Mark Roland | University of California, Los Angeles, California, USA | 2005 | male | 2 | 0 | 2005 | 5 | 5 | 2017 | 0 | 0 | 0 | 0 | 1 | 1 | 0 | 0 | 0 | 0 | 0 | 0 | 0 | 0 | 0 | 0 | 0 |  0 | 0 | 0 | 2 | 2 | 1 | 1 | 1 | 1 | 0 | 1 | 0 | 0 | 0 | 0 | 0 | 0 |
175 | Dombeck, John Paul | University of Minnesota, Minnesota, USA | 2005 | male | 3 | 1 | 2013 | 11 | 9 | 2013 | 0 | 1 | 0 | 0 | 0 | 2 | 0 | 0 | 0 | 0 | 0 | 0 | 0 | 1 | 0 | 0 | 0 |  0 | 3 | 1 | 1 | 1 | 5 | 1 | 0 | 0 | 0 | 0 | 2 | 1 | 5 | 0 | 0 | 0 |
176 | Sun, Ming | Harvard University, Massachusetts, USA | 2005 | male | 15 | 12 | 2015 | 25 | 71 | 2017 | 1 | 0 | 5 | 3 | 2 | 4 | 2 | 2 | 0 | 2 | 2 | 1 | 2 | 0 | 0 | 1 | 0 |  4 | 0 | 5 | 5 | 4 | 7 | 6 | 3 | 5 | 8 | 4 | 8 | 4 | 7 | 7 | 4 | 12 |
177 | Tassis, Konstantinos | University of Illinois at Urbana-Champaign | 2005 | male | 5 | 15 | 2015 | 6 | 43 | 2017 | 0 | 0 | 0 | 1 | 1 | 3 | 0 | 5 | 1 | 1 | 1 | 1 | 4 | 0 | 1 | 1 | 0 |  1 | 0 | 0 | 1 | 1 | 3 | 1 | 5 | 2 | 3 | 2 | 3 | 4 | 0 | 9 | 4 | 9 |
178 | Weiss, John Wilfred | University of Colorado at Boulder, Colorado, USA | 2005 | male | 1 | 1 | 2009 | 3 | 13 | 2015 | 0 | 0 | 0 | 0 | 0 | 1 | 0 | 0 | 0 | 1 | 0 | 0 | 0 | 0 | 0 | 0 | 0 |  0 | 0 | 0 | 1 | 1 | 1 | 3 | 2 | 1 | 1 | 3 | 0 | 0 | 2 | 0 | 1 | 0 |
179 | Atanassova, Martina Ivanova | University of Central Florida | 2005 | female | 1 | 0 | 2005 | 1 | 1 | 2006 | 0 | 0 | 0 | 0 | 0 | 1 | 0 | 0 | 0 | 0 | 0 | 0 | 0 | 0 | 0 | 0 | 0 |  0 | 0 | 0 | 0 | 0 | 1 | 1 | 0 | 0 | 0 | 0 | 0 | 0 | 0 | 0 | 0 | 0 |
180 | Cooke, Jeffrey D. | University of California, San Diego, California, USA | 2005 | male | 1 | 3 | 2015 | 6 | 19 | 2017 | 0 | 0 | 0 | 0 | 0 | 1 | 0 | 0 | 0 | 0 | 0 | 0 | 0 | 1 | 1 | 1 | 0 |  0 | 0 | 1 | 1 | 0 | 4 | 0 | 0 | 0 | 0 | 2 | 3 | 4 | 3 | 2 | 1 | 3 |
181 | Ashenfelter, Timothy P. | University of Notre Dame, Indiana, USA | 2005 | male | 3 | 0 | 2005 | 5 | 0 | 2005 | 0 | 0 | 0 | 0 | 2 | 1 | 0 | 0 | 0 | 0 | 0 | 0 | 0 | 0 | 0 | 0 | 0 |  0 | 0 | 0 | 0 | 2 | 3 | 0 | 0 | 0 | 0 | 0 | 0 | 0 | 0 | 0 | 0 | 0 |
182 | Chakrabarti, Sukanya | University of California, Berkeley, California, USA | 2005 | female | 9 | 15 | 2015 | 37 | 44 | 2017 | 3 | 1 | 0 | 1 | 1 | 3 | 2 | 1 | 3 | 2 | 0 | 2 | 1 | 2 | 1 | 1 | 0 |  7 | 7 | 10 | 2 | 5 | 6 | 3 | 2 | 5 | 6 | 4 | 7 | 4 | 3 | 3 | 4 | 2 |
183 | Harcke, Leif J. | Stanford University, California, USA | 2005 | male | 1 | 0 | 2005 | 1 | 2 | 2016 | 0 | 0 | 0 | 0 | 0 | 1 | 0 | 0 | 0 | 0 | 0 | 0 | 0 | 0 | 0 | 0 | 0 |  0 | 0 | 0 | 0 | 0 | 1 | 0 | 0 | 0 | 0 | 0 | 0 | 1 | 0 | 0 | 0 | 1 |
184 | Jing, Ju | New Jersey Institute of Technology | 2005 | male | 4 | 14 | 2016 | 12 | 61 | 2017 | 0 | 0 | 0 | 1 | 1 | 2 | 3 | 1 | 2 | 1 | 2 | 1 | 1 | 0 | 1 | 1 | 1 |  0 | 0 | 0 | 3 | 5 | 4 | 8 | 3 | 5 | 5 | 10 | 6 | 5 | 2 | 6 | 3 | 5 |
185 | Kaneko, Yuki | The University of Alabama in Huntsville, Alabama, USA | 2005 | female | 3 | 10 | 2015 | 6 | 38 | 2017 | 1 | 0 | 0 | 0 | 0 | 2 | 1 | 1 | 1 | 0 | 2 | 2 | 0 | 0 | 1 | 2 | 0 |  1 | 0 | 0 | 1 | 0 | 4 | 4 | 1 | 1 | 1 | 6 | 6 | 5 | 3 | 3 | 5 | 2 |
186 | Leinhardt, Zoe Malka | University of Maryland, llege Park, Maryland, USA | 2005 | female | 5 | 7 | 2015 | 9 | 22 | 2017 | 1 | 0 | 1 | 0 | 0 | 3 | 0 | 0 | 1 | 2 | 1 | 0 | 2 | 0 | 0 | 1 | 0 |  1 | 0 | 2 | 0 | 3 | 3 | 0 | 0 | 1 | 3 | 3 | 0 | 4 | 1 | 2 | 5 | 2 |
187 | Milazzo, Moses Pollen | The University of Arizona, Arizona, USA | 2005 | male | 3 | 0 | 2005 | 16 | 9 | 2010 | 0 | 1 | 0 | 0 | 0 | 2 | 0 | 0 | 0 | 0 | 0 | 0 | 0 | 0 | 0 | 0 | 0 |  2 | 6 | 1 | 0 | 4 | 3 | 0 | 2 | 2 | 0 | 5 | 0 | 0 | 0 | 0 | 0 | 0 |
188 | Ting, Chueh | New Mexico State University, New Mexico, USA | 2005 | male | 1 | 1 | 2006 | 1 | 1 | 2006 | 0 | 0 | 0 | 0 | 0 | 1 | 1 | 0 | 0 | 0 | 0 | 0 | 0 | 0 | 0 | 0 | 0 |  0 | 0 | 0 | 0 | 0 | 1 | 1 | 0 | 0 | 0 | 0 | 0 | 0 | 0 | 0 | 0 | 0 |
189 | Wehner, Elizabeth Marie | The University of Wisconsin - Madison, Wisconsin, USA | 2005 | female | 1 | 4 | 2016 | 1 | 12 | 2016 | 0 | 0 | 0 | 0 | 0 | 1 | 0 | 1 | 2 | 0 | 0 | 0 | 0 | 0 | 0 | 0 | 1 |  0 | 0 | 0 | 0 | 0 | 1 | 0 | 2 | 3 | 1 | 0 | 3 | 2 | 0 | 0 | 0 | 1 |
190 | Paschos, Paschalis | University of Illinois at Urbana-Champaign, Illinois, USA | 2005 | male | 1 | 0 | 2005 | 1 | 0 | 2005 | 0 | 0 | 0 | 0 | 0 | 1 | 0 | 0 | 0 | 0 | 0 | 0 | 0 | 0 | 0 | 0 | 0 |  0 | 0 | 0 | 0 | 0 | 1 | 0 | 0 | 0 | 0 | 0 | 0 | 0 | 0 | 0 | 0 | 0 |
191 | Nagai, Daisuke | The University of Chicago, Illinois, USA | 2005 | male | 5 | 5 | 2013 | 12 | 65 | 2017 | 1 | 0 | 0 | 2 | 0 | 2 | 1 | 2 | 0 | 0 | 0 | 1 | 0 | 1 | 0 | 0 | 0 |  1 | 1 | 1 | 3 | 2 | 4 | 4 | 4 | 4 | 7 | 2 | 4 | 9 | 7 | 8 | 6 | 8 |
192 | Raymond, Sean Neylon | University of Washington, Washington, USA | 2005 | male | 7 | 21 | 2016 | 12 | 91 | 2017 | 0 | 0 | 0 | 1 | 2 | 4 | 4 | 2 | 3 | 3 | 1 | 1 | 1 | 2 | 3 | 0 | 1 |  0 | 0 | 0 | 4 | 4 | 4 | 4 | 5 | 8 | 8 | 5 | 8 | 7 | 12 | 17 | 6 | 7 |
193 | Fox, Andrew J. | The University of Wisconsin - Madison, Wisconsin, USA | 2005 | male | 5 | 16 | 2016 | 6 | 48 | 2017 | 0 | 0 | 0 | 1 | 1 | 3 | 1 | 3 | 2 | 2 | 1 | 2 | 0 | 2 | 1 | 1 | 1 |  0 | 0 | 0 | 1 | 1 | 4 | 1 | 4 | 2 | 3 | 2 | 5 | 6 | 6 | 5 | 6 | 5 |
194 | Gutermuth, Robert Allen | University of Rochester, New York, USA | 2005 | male | 3 | 6 | 2015 | 9 | 95 | 2016 | 0 | 0 | 0 | 0 | 1 | 2 | 0 | 0 | 2 | 1 | 1 | 1 | 0 | 0 | 0 | 1 | 0 |  0 | 0 | 0 | 2 | 4 | 3 | 0 | 8 | 9 | 8 | 9 | 9 | 13 | 9 | 10 | 10 | 10 |
195 | Huang, Wenjin | Georgia State University, Georgia, USA | 2005 | male | 2 | 9 | 2012 | 13 | 38 | 2013 | 0 | 1 | 0 | 0 | 0 | 1 | 3 | 1 | 1 | 1 | 1 | 1 | 1 | 0 | 0 | 0 | 0 |  0 | 2 | 1 | 3 | 4 | 3 | 4 | 6 | 5 | 7 | 5 | 4 | 2 | 5 | 0 | 0 | 0 |
196 | Kesden, Michael | California Institute of Technology, California, USA | 2005 | male | 6 | 12 | 2015 | 8 | 24 | 2017 | 0 | 0 | 2 | 2 | 0 | 2 | 2 | 0 | 1 | 1 | 3 | 2 | 2 | 0 | 0 | 1 | 0 |  0 | 0 | 3 | 3 | 0 | 2 | 2 | 0 | 3 | 1 | 3 | 2 | 3 | 1 | 1 | 3 | 2 |
197 | Lewis, Rachel | Yale University, Connecticut, USA | 2005 | female | 2 | 1 | 2013 | 29 | 12 | 2016 | 0 | 0 | 0 | 0 | 0 | 2 | 0 | 0 | 0 | 0 | 0 | 0 | 0 | 1 | 0 | 0 | 0 |  3 | 4 | 4 | 9 | 3 | 6 | 3 | 3 | 1 | 2 | 0 | 0 | 0 | 1 | 0 | 0 | 2 |
198 | Novicki, Megan C. | University of Hawai'i, Hawaii, USA | 2005 | female | 2 | 0 | 2005 | 5 | 1 | 2006 | 0 | 0 | 1 | 0 | 0 | 1 | 0 | 0 | 0 | 0 | 0 | 0 | 0 | 0 | 0 | 0 | 0 |  0 | 0 | 1 | 1 | 0 | 3 | 1 | 0 | 0 | 0 | 0 | 0 | 0 | 0 | 0 | 0 | 0 |
199 | Allgood, Brandon A. | University of California, nta Cruz, California, USA | 2005 | male | 1 | 1 | 2006 | 4 | 4 | 2012 | 0 | 0 | 0 | 0 | 0 | 1 | 1 | 0 | 0 | 0 | 0 | 0 | 0 | 0 | 0 | 0 | 0 |  0 | 0 | 0 | 0 | 2 | 2 | 2 | 1 | 0 | 0 | 0 | 0 | 1 | 0 | 0 | 0 | 0 |
200 | Belov, Konstantin V. | The University of Utah, Utah, USA | 2005 | male | 5 | 2 | 2016 | 19 | 43 | 2016 | 0 | 2 | 0 | 1 | 0 | 2 | 0 | 0 | 1 | 0 | 0 | 0 | 0 | 0 | 0 | 0 | 1 |  2 | 4 | 1 | 1 | 5 | 6 | 4 | 3 | 5 | 1 | 5 | 2 | 2 | 0 | 0 | 18 | 3 |
201 | Chen, Jennifer | The University of Chicago, Illinois, USA | 2005 | female | 15 | 31 | 2015 | 47 | 99 | 2017 | 2 | 2 | 1 | 2 | 2 | 6 | 5 | 4 | 7 | 4 | 3 | 3 | 2 | 1 | 1 | 1 | 0 |  7 | 5 | 2 | 6 | 7 | 20 | 18 | 7 | 12 | 12 | 10 | 9 | 7 | 8 | 2 | 5 | 4 |
202 | Dominguez, Gerardo | University of California, rkeley, California, USA | 2005 | male | 1 | 3 | 2014 | 5 | 8 | 2014 | 0 | 0 | 0 | 0 | 0 | 1 | 0 | 0 | 0 | 1 | 1 | 0 | 0 | 0 | 1 | 0 | 0 |  0 | 1 | 0 | 1 | 2 | 1 | 2 | 0 | 1 | 1 | 1 | 1 | 0 | 1 | 1 | 0 | 0 |
203 | Farmer, Alison Jane | California Institute of Technology, California, USA | 2005 | female | 5 | 3 | 2009 | 9 | 6 | 2009 | 0 | 0 | 0 | 2 | 1 | 2 | 1 | 1 | 0 | 1 | 0 | 0 | 0 | 0 | 0 | 0 | 0 |  0 | 0 | 0 | 5 | 2 | 2 | 1 | 3 | 1 | 1 | 0 | 0 | 0 | 0 | 0 | 0 | 0 |
204 | Geshnizjani, Ghazal | Brown University, Rhode Island, USA | 2005 | female | 5 | 4 | 2015 | 6 | 13 | 2015 | 0 | 0 | 1 | 0 | 0 | 4 | 0 | 0 | 0 | 0 | 0 | 1 | 1 | 1 | 0 | 1 | 0 |  0 | 0 | 1 | 1 | 0 | 4 | 2 | 2 | 1 | 1 | 2 | 2 | 1 | 1 | 0 | 1 | 0 |
205 | Iyer, Mansie G. | Florida International University, Florida, USA | 2005 | male | 4 | 1 | 2006 | 4 | 1 | 2006 | 0 | 1 | 0 | 1 | 1 | 1 | 1 | 0 | 0 | 0 | 0 | 0 | 0 | 0 | 0 | 0 | 0 |  0 | 1 | 0 | 1 | 1 | 1 | 1 | 0 | 0 | 0 | 0 | 0 | 0 | 0 | 0 | 0 | 0 |
206 | Erickson, Joel K. | Princeton University, New Jersey, USA | 2005 | male | 5 | 1 | 2007 | 5 | 2 | 2009 | 1 | 0 | 1 | 1 | 1 | 1 | 0 | 1 | 0 | 0 | 0 | 0 | 0 | 0 | 0 | 0 | 0 |  1 | 0 | 1 | 1 | 1 | 1 | 0 | 1 | 0 | 1 | 0 | 0 | 0 | 0 | 0 | 0 | 0 |
207 | Jones, William C. | California Institute of Technology, California, USA | 2005 | male | 4 | 4 | 2007 | 13 | 157 | 2017 | 0 | 3 | 0 | 0 | 0 | 1 | 3 | 1 | 0 | 0 | 0 | 0 | 0 | 0 | 0 | 0 | 0 |  0 | 3 | 4 | 4 | 0 | 2 | 8 | 5 | 2 | 1 | 10 | 21 | 1 | 11 | 40 | 16 | 41 |
208 | Naidu, Siddartha | Carnegie Mellon University, Pennsylvania, USA | 2005 | male | 2 | 1 | 2015 | 2 | 6 | 2017 | 0 | 0 | 0 | 0 | 0 | 2 | 0 | 0 | 0 | 0 | 0 | 0 | 0 | 0 | 0 | 1 | 0 |  0 | 0 | 0 | 0 | 0 | 2 | 0 | 0 | 0 | 0 | 1 | 0 | 1 | 0 | 0 | 1 | 2 |
209 | Krumholz, Mark Reuben | University of California, Berkeley, California, USA | 2005 | male | 6 | 44 | 2017 | 6 | 126 | 2017 | 0 | 0 | 0 | 0 | 1 | 5 | 3 | 7 | 2 | 5 | 3 | 5 | 5 | 4 | 3 | 4 | 2 |  0 | 0 | 0 | 0 | 1 | 5 | 4 | 7 | 4 | 9 | 11 | 18 | 15 | 13 | 16 | 12 | 9 |
210 | Lo, Amy Shiu-Mei | University of California, Los Angeles, California, USA | 2005 | female | 1 | 0 | 2005 | 1 | 1 | 2012 | 0 | 0 | 0 | 0 | 0 | 1 | 0 | 0 | 0 | 0 | 0 | 0 | 0 | 0 | 0 | 0 | 0 |  0 | 0 | 0 | 0 | 0 | 1 | 0 | 0 | 0 | 0 | 0 | 0 | 1 | 0 | 0 | 0 | 0 |
211 | Miceli, Antonino | University of Washington, Washington, USA | 2005 | male | 1 | 1 | 2008 | 3 | 9 | 2016 | 0 | 0 | 0 | 0 | 0 | 1 | 0 | 0 | 1 | 0 | 0 | 0 | 0 | 0 | 0 | 0 | 0 |  0 | 0 | 0 | 1 | 0 | 2 | 0 | 3 | 4 | 0 | 0 | 1 | 0 | 0 | 0 | 0 | 1 |
212 | Miknaitis, Gajus A. | University of Washington | 2005 | male | 1 | 1 | 2007 | 12 | 27 | 2016 | 0 | 0 | 0 | 0 | 0 | 1 | 0 | 1 | 0 | 0 | 0 | 0 | 0 | 0 | 0 | 0 | 0 |  0 | 2 | 2 | 1 | 2 | 5 | 1 | 8 | 10 | 2 | 2 | 1 | 1 | 0 | 1 | 0 | 1 |
213 | Sharma, Sanjib | The University of Arizona, Arizona, USA | 2005 | male | 7 | 25 | 2017 | 21 | 90 | 2017 | 1 | 1 | 1 | 0 | 1 | 3 | 2 | 0 | 5 | 2 | 1 | 5 | 1 | 2 | 3 | 1 | 2 |  4 | 5 | 3 | 3 | 1 | 5 | 7 | 1 | 7 | 4 | 3 | 11 | 8 | 15 | 9 | 5 | 9 |
214 | Paravastu, Nagini | University of Virginia | 2005 | female | 1 | 0 | 2005 | 1 | 0 | 2005 | 0 | 0 | 0 | 0 | 0 | 1 | 0 | 0 | 0 | 0 | 0 | 0 | 0 | 0 | 0 | 0 | 0 |  0 | 0 | 0 | 0 | 0 | 1 | 0 | 0 | 0 | 0 | 0 | 0 | 0 | 0 | 0 | 0 | 0 |
215 | Dawson, Steven Arthur | University of California, Berkeley, California, USA | 2005 | male | 1 | 2 | 2012 | 4 | 2 | 2012 | 0 | 0 | 0 | 0 | 0 | 1 | 0 | 0 | 0 | 0 | 1 | 0 | 1 | 0 | 0 | 0 | 0 |  0 | 0 | 1 | 0 | 2 | 1 | 0 | 0 | 0 | 0 | 1 | 0 | 1 | 0 | 0 | 0 | 0 |
216 | Spekkens, Kristine | Cornell University, New York, USA | 2005 | female | 3 | 5 | 2014 | 5 | 53 | 2017 | 0 | 0 | 0 | 0 | 1 | 2 | 1 | 1 | 1 | 0 | 0 | 0 | 0 | 1 | 1 | 0 | 0 |  0 | 0 | 0 | 0 | 1 | 4 | 2 | 2 | 2 | 4 | 1 | 6 | 5 | 4 | 6 | 8 | 11 |
217 | Davis, Daryl C. | Florida Atlantic University, Florida, USA | 2005 | male | 4 | 0 | 2005 | 9 | 7 | 2017 | 0 | 1 | 2 | 0 | 0 | 1 | 0 | 0 | 0 | 0 | 0 | 0 | 0 | 0 | 0 | 0 | 0 |  1 | 3 | 2 | 0 | 2 | 1 | 0 | 0 | 0 | 0 | 0 | 0 | 0 | 1 | 0 | 0 | 0 |
218 | Friedel, Douglas Nathaniel | University of Illinois at Urbana-Champaign, Illinois, USA | 2005 | male | 4 | 5 | 2013 | 9 | 14 | 2014 | 0 | 0 | 0 | 0 | 1 | 3 | 0 | 0 | 1 | 0 | 0 | 2 | 1 | 1 | 0 | 0 | 0 |  0 | 0 | 0 | 1 | 3 | 5 | 2 | 0 | 2 | 2 | 1 | 3 | 2 | 1 | 1 | 0 | 0 |
219 | Carmell, Matthew W. | State University of New York at Stony Brook, New York, USA | 2005 | male | 1 | 0 | 2005 | 1 | 0 | 2005 | 0 | 0 | 0 | 0 | 0 | 1 | 0 | 0 | 0 | 0 | 0 | 0 | 0 | 0 | 0 | 0 | 0 |  0 | 0 | 0 | 0 | 0 | 1 | 0 | 0 | 0 | 0 | 0 | 0 | 0 | 0 | 0 | 0 | 0 |
220 | Richardson, James Edward, Jr. | The University of Arizona, Arizona, USA | 2005 | male | 5 | 7 | 2014 | 10 | 22 | 2017 | 0 | 0 | 0 | 0 | 2 | 3 | 0 | 2 | 1 | 1 | 0 | 1 | 0 | 1 | 1 | 0 | 0 |  0 | 0 | 0 | 2 | 3 | 5 | 2 | 3 | 2 | 1 | 0 | 3 | 0 | 4 | 1 | 2 | 2 |
221 | Saul, Lukas A. | University of New Hampshire, New Hampshire, USA | 2005 | male | 3 | 6 | 2013 | 3 | 20 | 2013 | 0 | 0 | 0 | 1 | 1 | 1 | 0 | 1 | 0 | 1 | 0 | 0 | 2 | 2 | 0 | 0 | 0 |  0 | 0 | 0 | 1 | 1 | 1 | 0 | 1 | 2 | 8 | 0 | 0 | 5 | 4 | 0 | 0 | 0 |
222 | Thomas, Brian C. | The University of Kansas | 2005 | male | 4 | 12 | 2016 | 6 | 31 | 2017 | 0 | 0 | 0 | 0 | 1 | 3 | 1 | 1 | 2 | 1 | 0 | 0 | 1 | 1 | 0 | 2 | 3 |  0 | 0 | 0 | 0 | 2 | 4 | 2 | 2 | 3 | 4 | 3 | 1 | 4 | 2 | 1 | 2 | 6 |
223 | Son, Seunghyeon | Princeton University, New Jersey, USA | 2005 | male | 1 | 1 | 2008 | 1 | 4 | 2013 | 0 | 0 | 0 | 0 | 0 | 1 | 0 | 0 | 1 | 0 | 0 | 0 | 0 | 0 | 0 | 0 | 0 |  0 | 0 | 0 | 0 | 0 | 1 | 0 | 0 | 3 | 0 | 0 | 0 | 0 | 1 | 0 | 0 | 0 |
224 | Carson, Jennifer Elaine | University of California, Los Angeles, California, USA | 2005 | female | 4 | 5 | 2013 | 15 | 47 | 2016 | 1 | 1 | 0 | 0 | 0 | 2 | 0 | 1 | 3 | 0 | 0 | 0 | 0 | 1 | 0 | 0 | 0 |  1 | 1 | 0 | 3 | 2 | 8 | 1 | 2 | 8 | 3 | 4 | 5 | 6 | 6 | 6 | 4 | 2 |
225 | Hussain, Shahid | The University of Kansas | 2005 | male | 3 | 15 | 2015 | 4 | 94 | 2015 | 0 | 0 | 0 | 0 | 2 | 1 | 2 | 0 | 1 | 0 | 0 | 1 | 2 | 3 | 4 | 2 | 0 |  0 | 0 | 0 | 0 | 2 | 2 | 3 | 1 | 3 | 7 | 11 | 15 | 13 | 20 | 14 | 7 | 0 |
226 | Masters, Craig Eugene | University of Missouri - Kansas City | 2005 | male | 1 | 2 | 2010 | 1 | 2 | 2010 | 0 | 0 | 0 | 0 | 0 | 1 | 0 | 1 | 0 | 0 | 1 | 0 | 0 | 0 | 0 | 0 | 0 |  0 | 0 | 0 | 0 | 0 | 1 | 0 | 1 | 0 | 0 | 1 | 0 | 0 | 0 | 0 | 0 | 0 |
227 | Ratkovic, Sasa | State University of New York at Stony Brook, New York, USA | 2005 | male | 1 | 0 | 2005 | 4 | 0 | 2005 | 0 | 0 | 0 | 0 | 0 | 1 | 0 | 0 | 0 | 0 | 0 | 0 | 0 | 0 | 0 | 0 | 0 |  0 | 0 | 0 | 1 | 2 | 1 | 0 | 0 | 0 | 0 | 0 | 0 | 0 | 0 | 0 | 0 | 0 |
228 | Sarantos, Menelaos | Rice University, Texas, USA | 2005 | male | 2 | 8 | 2012 | 5 | 51 | 2017 | 0 | 1 | 0 | 0 | 0 | 1 | 0 | 1 | 1 | 2 | 1 | 1 | 2 | 0 | 0 | 0 | 0 |  0 | 2 | 0 | 0 | 2 | 1 | 1 | 2 | 2 | 6 | 8 | 5 | 8 | 5 | 6 | 3 | 4 |
229 | Wang, Haiyan | University of Florida, Florida, USA | 2005 | female | 12 | 34 | 2017 | 111 | 287 | 2017 | 1 | 1 | 2 | 2 | 1 | 5 | 1 | 3 | 6 | 2 | 2 | 3 | 5 | 1 | 5 | 1 | 4 |  13 | 26 | 9 | 23 | 8 | 32 | 14 | 18 | 26 | 12 | 15 | 31 | 26 | 27 | 29 | 24 | 46 |
230 | Randall, Scott William | University of Virginia, Virginia, USA | 2005 | male | 4 | 9 | 2016 | 5 | 51 | 2017 | 0 | 1 | 1 | 0 | 1 | 1 | 1 | 0 | 2 | 2 | 1 | 1 | 0 | 0 | 0 | 1 | 1 |  0 | 1 | 1 | 1 | 1 | 1 | 3 | 1 | 3 | 3 | 7 | 7 | 4 | 3 | 3 | 7 | 7 |
231 | Strigari, Louis E. | The Ohio State University, Ohio, USA | 2005 | male | 3 | 17 | 2017 | 5 | 71 | 2017 | 0 | 0 | 0 | 0 | 1 | 2 | 2 | 4 | 2 | 2 | 2 | 0 | 2 | 1 | 0 | 0 | 1 |  0 | 0 | 0 | 1 | 1 | 3 | 3 | 7 | 7 | 7 | 6 | 6 | 4 | 3 | 5 | 10 | 4 |
232 | Tasitsiomi, Argyro | The University of Chicago, Illinois, USA | 2005 | female | 7 | 2 | 2006 | 8 | 5 | 2010 | 0 | 0 | 1 | 1 | 4 | 1 | 2 | 0 | 0 | 0 | 0 | 0 | 0 | 0 | 0 | 0 | 0 |  0 | 0 | 1 | 1 | 4 | 2 | 3 | 1 | 0 | 0 | 1 | 0 | 0 | 0 | 0 | 0 | 0 |
233 | Chen, Tingdong | Brandeis University, Massachusetts, USA | 2005 | None | 3 | 2 | 2017 | 11 | 70 | 2017 | 0 | 0 | 0 | 1 | 0 | 2 | 0 | 0 | 0 | 0 | 0 | 0 | 0 | 0 | 0 | 1 | 0 |  1 | 1 | 0 | 2 | 1 | 6 | 1 | 0 | 2 | 1 | 2 | 5 | 6 | 8 | 7 | 16 | 17 |
234 | Dahm, Scott E. | University of Hawai'i, Hawaii, USA | 2005 | male | 3 | 10 | 2015 | 10 | 14 | 2015 | 0 | 0 | 0 | 0 | 0 | 3 | 0 | 2 | 1 | 1 | 1 | 1 | 2 | 0 | 0 | 2 | 0 |  0 | 1 | 1 | 2 | 2 | 4 | 1 | 2 | 1 | 1 | 1 | 1 | 4 | 1 | 0 | 2 | 0 |
235 | He, Jin | The University of Alabama, Alabama, USA | 2005 | male | 8 | 34 | 2016 | 23 | 137 | 2017 | 0 | 1 | 0 | 1 | 2 | 4 | 2 | 4 | 7 | 4 | 6 | 3 | 2 | 2 | 2 | 0 | 2 |  1 | 2 | 1 | 4 | 5 | 10 | 8 | 14 | 19 | 8 | 13 | 12 | 9 | 15 | 16 | 6 | 14 |
236 | Carter, Brooke L. | University of Maryland, College Park | 2005 | female | 3 | 1 | 2006 | 5 | 9 | 2017 | 1 | 1 | 0 | 0 | 0 | 1 | 1 | 0 | 0 | 0 | 0 | 0 | 0 | 0 | 0 | 0 | 0 |  1 | 1 | 0 | 0 | 1 | 2 | 3 | 0 | 0 | 2 | 1 | 0 | 0 | 1 | 0 | 0 | 1 |
237 | Meibom, Soren Christian Dalgaard | The University of Wisconsin - Madison | 2005 | male | 3 | 1 | 2013 | 3 | 12 | 2016 | 1 | 0 | 1 | 0 | 0 | 1 | 0 | 0 | 0 | 0 | 0 | 0 | 0 | 1 | 0 | 0 | 0 |  1 | 0 | 1 | 0 | 0 | 1 | 0 | 0 | 1 | 3 | 3 | 1 | 0 | 1 | 2 | 0 | 1 |
238 | Rosolowsky, Erik William | University of California, Berkeley | 2005 | male | 6 | 20 | 2016 | 10 | 112 | 2017 | 0 | 0 | 0 | 1 | 1 | 4 | 1 | 2 | 3 | 0 | 1 | 1 | 0 | 0 | 0 | 6 | 6 |  0 | 1 | 0 | 2 | 3 | 4 | 3 | 5 | 6 | 6 | 11 | 7 | 4 | 10 | 6 | 25 | 17 |
239 | Sozzetti, Alessandro | University of Pittsburgh, Pennsylvania, USA | 2005 | male | 7 | 10 | 2015 | 10 | 89 | 2017 | 0 | 1 | 1 | 1 | 2 | 2 | 3 | 1 | 0 | 2 | 1 | 0 | 0 | 0 | 1 | 2 | 0 |  1 | 1 | 1 | 1 | 3 | 3 | 4 | 7 | 1 | 4 | 3 | 0 | 9 | 6 | 12 | 20 | 12 |
240 | Vandernoot, Eric P. | Florida Atlantic University | 2005 | male | 1 | 0 | 2005 | 2 | 0 | 2005 | 0 | 0 | 0 | 0 | 0 | 1 | 0 | 0 | 0 | 0 | 0 | 0 | 0 | 0 | 0 | 0 | 0 |  0 | 0 | 0 | 0 | 0 | 2 | 0 | 0 | 0 | 0 | 0 | 0 | 0 | 0 | 0 | 0 | 0 |
241 | Wahhaj, Zahed | University of Pennsylvania, Pennsylvania, USA | 2005 | male | 3 | 8 | 2016 | 5 | 48 | 2017 | 0 | 0 | 0 | 1 | 0 | 2 | 0 | 1 | 0 | 0 | 1 | 1 | 0 | 2 | 1 | 1 | 1 |  0 | 0 | 0 | 1 | 1 | 3 | 5 | 6 | 1 | 0 | 3 | 1 | 1 | 4 | 5 | 9 | 9 |
242 | Daou, Antoun Georges | Rice University | 2005 | male | 1 | 3 | 2016 | 1 | 7 | 2016 | 0 | 0 | 0 | 0 | 0 | 1 | 1 | 0 | 1 | 0 | 0 | 0 | 0 | 0 | 0 | 0 | 1 |  0 | 0 | 0 | 0 | 0 | 1 | 1 | 1 | 2 | 0 | 0 | 0 | 0 | 0 | 1 | 0 | 2 |
243 | Helmboldt, Joseph F. | New Mexico State University, New Mexico, USA | 2005 | male | 3 | 14 | 2015 | 4 | 26 | 2016 | 0 | 0 | 0 | 0 | 1 | 2 | 0 | 2 | 3 | 2 | 0 | 0 | 4 | 0 | 2 | 1 | 0 |  0 | 0 | 0 | 1 | 1 | 2 | 0 | 3 | 4 | 3 | 1 | 1 | 6 | 1 | 5 | 1 | 1 |
244 | Kapoor, Vishal | The University of Texas at El Paso | 2005 | male | 1 | 0 | 2005 | 1 | 0 | 2005 | 0 | 0 | 0 | 0 | 0 | 1 | 0 | 0 | 0 | 0 | 0 | 0 | 0 | 0 | 0 | 0 | 0 |  0 | 0 | 0 | 0 | 0 | 1 | 0 | 0 | 0 | 0 | 0 | 0 | 0 | 0 | 0 | 0 | 0 |
245 | McFarland, John Patrick | Georgia State University, Georgia, USA | 2005 | male | 1 | 4 | 2013 | 8 | 25 | 2017 | 0 | 0 | 0 | 0 | 0 | 1 | 0 | 0 | 0 | 0 | 0 | 2 | 0 | 2 | 0 | 0 | 0 |  3 | 3 | 0 | 1 | 0 | 1 | 1 | 1 | 2 | 1 | 0 | 2 | 1 | 4 | 1 | 3 | 3 |
246 | Ahn, Kyungjin | The University of Texas at Austin, Texas, USA | 2005 | male | 6 | 9 | 2016 | 6 | 35 | 2016 | 0 | 0 | 0 | 1 | 0 | 5 | 1 | 1 | 0 | 1 | 0 | 0 | 1 | 0 | 0 | 4 | 1 |  0 | 0 | 0 | 1 | 0 | 5 | 3 | 1 | 0 | 2 | 4 | 1 | 4 | 6 | 4 | 5 | 5 |
247 | Carson, Joseph Coler | Cornell University, New York, USA | 2005 | male | 2 | 5 | 2013 | 15 | 87 | 2017 | 0 | 0 | 0 | 0 | 0 | 2 | 1 | 0 | 1 | 1 | 0 | 1 | 0 | 1 | 0 | 0 | 0 |  0 | 0 | 0 | 3 | 2 | 10 | 1 | 3 | 2 | 4 | 4 | 7 | 9 | 12 | 9 | 14 | 17 |
248 | Schiff, Conrad | University of Maryland, College Park, Maryland, USA | 2005 | male | 1 | 0 | 2005 | 1 | 3 | 2017 | 0 | 0 | 0 | 0 | 0 | 1 | 0 | 0 | 0 | 0 | 0 | 0 | 0 | 0 | 0 | 0 | 0 |  0 | 0 | 0 | 0 | 0 | 1 | 0 | 0 | 0 | 0 | 0 | 0 | 0 | 0 | 0 | 1 | 1 |
249 | Soussa, Marc Edward | University of Florida, Florida, USA | 2005 | male | 4 | 0 | 2005 | 4 | 0 | 2005 | 0 | 0 | 0 | 1 | 2 | 1 | 0 | 0 | 0 | 0 | 0 | 0 | 0 | 0 | 0 | 0 | 0 |  0 | 0 | 0 | 1 | 2 | 1 | 0 | 0 | 0 | 0 | 0 | 0 | 0 | 0 | 0 | 0 | 0 |
250 | Wang, Ruili | Georgia State University, Georgia, USA | 2005 | female | 4 | 7 | 2016 | 13 | 63 | 2017 | 1 | 0 | 1 | 0 | 1 | 1 | 0 | 1 | 1 | 2 | 0 | 0 | 1 | 0 | 1 | 0 | 1 |  2 | 0 | 2 | 0 | 4 | 5 | 4 | 4 | 8 | 4 | 6 | 4 | 5 | 8 | 8 | 5 | 6 |
251 | Bakalian, Faez | State University of New York at Stony Brook | 2005 | male | 1 | 3 | 2007 | 2 | 3 | 2007 | 0 | 0 | 0 | 0 | 0 | 1 | 2 | 1 | 0 | 0 | 0 | 0 | 0 | 0 | 0 | 0 | 0 |  0 | 1 | 0 | 0 | 0 | 1 | 2 | 1 | 0 | 0 | 0 | 0 | 0 | 0 | 0 | 0 | 0 |
252 | Crooks, James Lewis | The University of North Carolina at Chapel Hill, North Carolina, USA | 2005 | male | 4 | 1 | 2006 | 4 | 2 | 2011 | 0 | 2 | 0 | 1 | 0 | 1 | 1 | 0 | 0 | 0 | 0 | 0 | 0 | 0 | 0 | 0 | 0 |  0 | 2 | 0 | 1 | 0 | 1 | 1 | 0 | 0 | 0 | 0 | 1 | 0 | 0 | 0 | 0 | 0 |
253 | Donaghy, Timothy Quinn | The University of Chicago, Illinois, USA | 2005 | male | 3 | 1 | 2006 | 27 | 10 | 2010 | 0 | 0 | 0 | 0 | 0 | 3 | 1 | 0 | 0 | 0 | 0 | 0 | 0 | 0 | 0 | 0 | 0 |  0 | 0 | 2 | 8 | 5 | 12 | 5 | 2 | 2 | 0 | 1 | 0 | 0 | 0 | 0 | 0 | 0 |
254 | Duvvuri, Vikram | The University of Chicago, Illinois, USA | 2005 | male | 1 | 0 | 2005 | 4 | 1 | 2006 | 0 | 0 | 0 | 0 | 0 | 1 | 0 | 0 | 0 | 0 | 0 | 0 | 0 | 0 | 0 | 0 | 0 |  0 | 0 | 0 | 0 | 2 | 2 | 1 | 0 | 0 | 0 | 0 | 0 | 0 | 0 | 0 | 0 | 0 |
255 | Gebauer, Iris | Michigan State University | 2005 | female | 1 | 0 | 2005 | 1 | 6 | 2015 | 0 | 0 | 0 | 0 | 0 | 1 | 0 | 0 | 0 | 0 | 0 | 0 | 0 | 0 | 0 | 0 | 0 |  0 | 0 | 0 | 0 | 0 | 1 | 0 | 1 | 0 | 0 | 0 | 0 | 0 | 1 | 2 | 2 | 0 |
256 | Hunt, James Christopher | Virginia Polytechnic Institute and State University, Virginia, USA | 2005 | male | 2 | 0 | 2005 | 6 | 1 | 2012 | 0 | 0 | 0 | 1 | 0 | 1 | 0 | 0 | 0 | 0 | 0 | 0 | 0 | 0 | 0 | 0 | 0 |  0 | 0 | 0 | 2 | 1 | 3 | 0 | 0 | 0 | 0 | 0 | 0 | 1 | 0 | 0 | 0 | 0 |
257 | Kaisler, Denise | University of California, Los Angeles, California, USA | 2005 | female | 2 | 0 | 2005 | 3 | 1 | 2013 | 0 | 0 | 0 | 0 | 1 | 1 | 0 | 0 | 0 | 0 | 0 | 0 | 0 | 0 | 0 | 0 | 0 |  0 | 0 | 0 | 1 | 1 | 1 | 0 | 0 | 0 | 0 | 0 | 0 | 0 | 1 | 0 | 0 | 0 |
258 | Lee, Jeong-Eun | The University of Texas at Austin, Texas, USA | 2005 | female | 6 | 20 | 2016 | 20 | 175 | 2017 | 2 | 0 | 0 | 1 | 1 | 2 | 1 | 4 | 2 | 1 | 2 | 1 | 2 | 1 | 2 | 3 | 1 |  3 | 4 | 2 | 1 | 3 | 7 | 3 | 13 | 13 | 10 | 16 | 9 | 10 | 20 | 26 | 35 | 16 |
259 | Mukherjee, Krishna | University of Pittsburgh, Pennsylvania, USA | 2005 | male | 1 | 0 | 2005 | 1 | 0 | 2005 | 0 | 0 | 0 | 0 | 0 | 1 | 0 | 0 | 0 | 0 | 0 | 0 | 0 | 0 | 0 | 0 | 0 |  0 | 0 | 0 | 0 | 0 | 1 | 0 | 0 | 0 | 0 | 0 | 0 | 0 | 0 | 0 | 0 | 0 |
260 | Reisetter, Angela Jean | University of Minnesota, Minnesota, USA | 2005 | female | 1 | 0 | 2005 | 4 | 24 | 2017 | 0 | 0 | 0 | 0 | 0 | 1 | 0 | 0 | 0 | 0 | 0 | 0 | 0 | 0 | 0 | 0 | 0 |  0 | 0 | 0 | 1 | 1 | 2 | 2 | 2 | 0 | 2 | 3 | 3 | 2 | 3 | 2 | 4 | 0 |
261 | Segura, Teresa Lynn | University of Colorado at Boulder, Colorado, USA | 2005 | female | 2 | 3 | 2013 | 3 | 4 | 2013 | 0 | 0 | 1 | 0 | 0 | 1 | 0 | 0 | 1 | 0 | 0 | 0 | 1 | 1 | 0 | 0 | 0 |  0 | 0 | 1 | 0 | 0 | 2 | 0 | 0 | 1 | 0 | 1 | 0 | 1 | 1 | 0 | 0 | 0 |
262 | Temma, Takafumi | New Mexico State University, New Mexico, USA | 2005 | male | 2 | 1 | 2006 | 2 | 1 | 2006 | 0 | 0 | 0 | 0 | 0 | 2 | 1 | 0 | 0 | 0 | 0 | 0 | 0 | 0 | 0 | 0 | 0 |  0 | 0 | 0 | 0 | 0 | 2 | 1 | 0 | 0 | 0 | 0 | 0 | 0 | 0 | 0 | 0 | 0 |
263 | Wang, Gensheng | Case Western Reserve University, Ohio, USA | 2005 | None | 2 | 21 | 2017 | 20 | 98 | 2017 | 0 | 0 | 0 | 0 | 1 | 1 | 0 | 0 | 3 | 1 | 2 | 2 | 3 | 0 | 3 | 4 | 2 |  0 | 2 | 6 | 2 | 5 | 5 | 4 | 3 | 6 | 6 | 5 | 5 | 4 | 4 | 7 | 12 | 33 |
264 | Suzuki, Jun | University of South Carolina | 2005 | male | 1 | 3 | 2016 | 43 | 22 | 2016 | 0 | 0 | 0 | 0 | 0 | 1 | 0 | 0 | 0 | 0 | 0 | 0 | 1 | 0 | 0 | 1 | 1 |  3 | 10 | 5 | 13 | 3 | 9 | 1 | 1 | 9 | 0 | 0 | 0 | 3 | 3 | 1 | 2 | 2 |
265 | Hernandez, John C. | The University of Texas at El Paso | 2005 | male | 1 | 0 | 2005 | 9 | 28 | 2017 | 0 | 0 | 0 | 0 | 0 | 1 | 0 | 0 | 0 | 0 | 0 | 0 | 0 | 0 | 0 | 0 | 0 |  0 | 2 | 1 | 0 | 4 | 2 | 0 | 1 | 3 | 3 | 3 | 2 | 2 | 3 | 1 | 2 | 7 |
266 | Page, Kelly A. | University of Wyoming, Wyoming, USA | 2005 | female | 2 | 0 | 2005 | 8 | 25 | 2017 | 0 | 0 | 0 | 1 | 0 | 1 | 0 | 0 | 0 | 0 | 0 | 0 | 0 | 0 | 0 | 0 | 0 |  0 | 1 | 1 | 2 | 0 | 4 | 4 | 1 | 2 | 2 | 2 | 0 | 2 | 3 | 2 | 4 | 1 |
267 | Kocevski, Daniel | Rice University | 2005 | male | 3 | 8 | 2013 | 4 | 127 | 2017 | 0 | 0 | 0 | 0 | 1 | 2 | 0 | 2 | 1 | 1 | 1 | 1 | 1 | 1 | 0 | 0 | 0 |  0 | 0 | 0 | 0 | 1 | 3 | 3 | 6 | 6 | 15 | 11 | 5 | 13 | 10 | 21 | 14 | 15 |
268 | McCrady, Nathan Todd | University of California, Berkeley, California, USA | 2005 | male | 1 | 0 | 2005 | 1 | 3 | 2016 | 0 | 0 | 0 | 0 | 0 | 1 | 0 | 0 | 0 | 0 | 0 | 0 | 0 | 0 | 0 | 0 | 0 |  0 | 0 | 0 | 0 | 0 | 1 | 0 | 0 | 0 | 0 | 0 | 0 | 2 | 0 | 0 | 0 | 1 |
269 | Seelos, Frank Peter, IV | Washington University, Missouri, USA | 2005 | male | 1 | 2 | 2014 | 8 | 34 | 2016 | 0 | 0 | 0 | 0 | 0 | 1 | 0 | 0 | 1 | 0 | 0 | 0 | 0 | 0 | 1 | 0 | 0 |  0 | 0 | 1 | 1 | 5 | 1 | 2 | 3 | 6 | 7 | 4 | 1 | 1 | 5 | 2 | 1 | 2 |
270 | Rothberg, Barry S. | University of Hawai'i, Hawaii, USA | 2005 | male | 3 | 4 | 2013 | 5 | 20 | 2017 | 1 | 0 | 0 | 0 | 1 | 1 | 2 | 0 | 0 | 0 | 1 | 0 | 0 | 1 | 0 | 0 | 0 |  1 | 0 | 1 | 0 | 2 | 1 | 2 | 0 | 2 | 1 | 2 | 0 | 2 | 3 | 1 | 2 | 3 |
271 | Sollins, Peter K. . | Harvard University, Unnited States -- Massachusetts | 2005 | male | 7 | 0 | 2005 | 10 | 0 | 2005 | 0 | 0 | 0 | 0 | 3 | 4 | 0 | 0 | 0 | 0 | 0 | 0 | 0 | 0 | 0 | 0 | 0 |  0 | 0 | 0 | 0 | 6 | 4 | 0 | 0 | 0 | 0 | 0 | 0 | 0 | 0 | 0 | 0 | 0 |
272 | Taylor, Violet | Arizona State University, Arizona, USA | 2005 | female | 3 | 0 | 2005 | 7 | 0 | 2005 | 0 | 0 | 0 | 0 | 1 | 2 | 0 | 0 | 0 | 0 | 0 | 0 | 0 | 0 | 0 | 0 | 0 |  1 | 0 | 1 | 2 | 1 | 2 | 0 | 0 | 0 | 0 | 0 | 0 | 0 | 0 | 0 | 0 | 0 |
273 | Yan, Huirong | The University of Wisconsin - Madison, Wisconsin, USA | 2005 | female | 9 | 13 | 2016 | 25 | 61 | 2017 | 0 | 0 | 1 | 2 | 3 | 3 | 1 | 1 | 3 | 1 | 0 | 1 | 2 | 0 | 1 | 2 | 1 |  1 | 1 | 4 | 4 | 7 | 8 | 5 | 3 | 6 | 3 | 2 | 6 | 6 | 4 | 5 | 6 | 8 |
274 | Zhu, Cheng | Harvard University, Massachusetts, USA | 2005 | male | 2 | 6 | 2015 | 4 | 16 | 2016 | 0 | 0 | 1 | 0 | 0 | 1 | 1 | 0 | 0 | 2 | 0 | 0 | 1 | 0 | 1 | 1 | 0 |  0 | 0 | 1 | 1 | 1 | 1 | 2 | 0 | 1 | 4 | 0 | 0 | 2 | 0 | 3 | 3 | 1 |
275 | Francis, Matthew Richard | Rutgers The State University of New Jersey - New Brunswick, New Jersey, USA | 2005 | male | 4 | 0 | 2005 | 4 | 5 | 2016 | 0 | 0 | 0 | 0 | 2 | 2 | 0 | 0 | 0 | 0 | 0 | 0 | 0 | 0 | 0 | 0 | 0 |  0 | 0 | 0 | 0 | 2 | 2 | 0 | 0 | 0 | 0 | 0 | 0 | 0 | 0 | 3 | 1 | 1 |
276 | Goldstein, Kevin | Brown University, Rhode Island, USA | 2005 | male | 5 | 5 | 2016 | 6 | 6 | 2016 | 0 | 0 | 0 | 2 | 1 | 2 | 0 | 0 | 0 | 0 | 1 | 0 | 1 | 0 | 1 | 1 | 1 |  0 | 0 | 0 | 2 | 2 | 2 | 0 | 0 | 1 | 0 | 1 | 0 | 1 | 0 | 1 | 1 | 1 |
277 | Hancock, Mark | University of Nevada, s Vegas, Nevada, USA | 2005 | male | 2 | 5 | 2009 | 6 | 14 | 2014 | 0 | 0 | 0 | 1 | 0 | 1 | 2 | 1 | 1 | 1 | 0 | 0 | 0 | 0 | 0 | 0 | 0 |  1 | 0 | 0 | 2 | 1 | 2 | 2 | 2 | 3 | 3 | 2 | 0 | 1 | 0 | 1 | 0 | 0 |
278 | Jackson, Miranda | Columbia University, New York, USA | 2005 | female | 4 | 6 | 2017 | 7 | 89 | 2017 | 0 | 0 | 1 | 1 | 0 | 2 | 1 | 0 | 1 | 0 | 0 | 0 | 0 | 1 | 1 | 0 | 1 |  0 | 1 | 2 | 1 | 1 | 2 | 3 | 2 | 1 | 7 | 27 | 5 | 10 | 10 | 10 | 5 | 7 |
279 | Kafka, Styliani | Indiana University, Indiana, USA | 2005 | female | 11 | 13 | 2016 | 15 | 26 | 2017 | 0 | 0 | 0 | 3 | 3 | 5 | 2 | 1 | 2 | 2 | 2 | 2 | 1 | 0 | 0 | 0 | 1 |  1 | 0 | 0 | 3 | 4 | 7 | 2 | 1 | 4 | 2 | 4 | 5 | 1 | 2 | 3 | 0 | 1 |
280 | Lim, Lucy F. G. | Cornell University, New York, USA | 2005 | female | 1 | 0 | 2005 | 5 | 3 | 2011 | 0 | 0 | 0 | 0 | 0 | 1 | 0 | 0 | 0 | 0 | 0 | 0 | 0 | 0 | 0 | 0 | 0 |  0 | 3 | 0 | 0 | 0 | 2 | 0 | 0 | 0 | 0 | 0 | 3 | 0 | 0 | 0 | 0 | 0 |
281 | Mohammed, Priscilla N. | Georgia Institute of Technology, Georgia, USA | 2005 | female | 3 | 0 | 2005 | 3 | 0 | 2005 | 0 | 0 | 0 | 1 | 1 | 1 | 0 | 0 | 0 | 0 | 0 | 0 | 0 | 0 | 0 | 0 | 0 |  0 | 0 | 0 | 1 | 1 | 1 | 0 | 0 | 0 | 0 | 0 | 0 | 0 | 0 | 0 | 0 | 0 |
282 | Nelan, Jenica E. | Dartmouth College, New Hampshire, USA | 2005 | female | 2 | 0 | 2005 | 4 | 2 | 2009 | 0 | 0 | 0 | 0 | 0 | 2 | 0 | 0 | 0 | 0 | 0 | 0 | 0 | 0 | 0 | 0 | 0 |  0 | 1 | 0 | 0 | 1 | 2 | 1 | 0 | 0 | 1 | 0 | 0 | 0 | 0 | 0 | 0 | 0 |
283 | Onken, Christopher A. | The Ohio State University, Ohio, USA | 2005 | male | 5 | 3 | 2014 | 8 | 22 | 2017 | 0 | 0 | 1 | 1 | 2 | 1 | 0 | 1 | 1 | 0 | 0 | 0 | 0 | 0 | 1 | 0 | 0 |  0 | 1 | 2 | 1 | 3 | 1 | 5 | 2 | 1 | 1 | 1 | 1 | 1 | 2 | 1 | 1 | 2 |
284 | Weinberg, Nevin Nachum | California Institute of Technology | 2005 | female | 5 | 7 | 2016 | 7 | 23 | 2017 | 0 | 1 | 1 | 1 | 0 | 2 | 2 | 1 | 1 | 0 | 0 | 0 | 1 | 1 | 0 | 0 | 1 |  0 | 1 | 1 | 3 | 0 | 2 | 2 | 2 | 2 | 2 | 5 | 0 | 3 | 3 | 0 | 0 | 3 |
285 | Baryo, Bradley Charles | Michigan State University | 2005 | male | 1 | 0 | 2005 | 1 | 0 | 2005 | 0 | 0 | 0 | 0 | 0 | 1 | 0 | 0 | 0 | 0 | 0 | 0 | 0 | 0 | 0 | 0 | 0 |  0 | 0 | 0 | 0 | 0 | 1 | 0 | 0 | 0 | 0 | 0 | 0 | 0 | 0 | 0 | 0 | 0 |
286 | Schnittman, Jeremy David | Massachusetts Institute of Technology, Massachusetts, USA | 2005 | male | 5 | 20 | 2016 | 7 | 27 | 2016 | 0 | 1 | 0 | 0 | 2 | 2 | 4 | 2 | 2 | 1 | 2 | 1 | 0 | 4 | 1 | 2 | 1 |  1 | 1 | 0 | 0 | 2 | 3 | 4 | 3 | 2 | 4 | 2 | 2 | 1 | 4 | 1 | 2 | 2 |
287 | Singh, Karun Krishna | Columbia University | 2005 | male | 2 | 12 | 2017 | 3 | 54 | 2017 | 0 | 0 | 0 | 0 | 1 | 1 | 0 | 0 | 2 | 1 | 1 | 2 | 2 | 0 | 1 | 2 | 0 |  0 | 0 | 1 | 0 | 1 | 1 | 2 | 4 | 11 | 7 | 7 | 9 | 5 | 1 | 2 | 3 | 0 |
288 | Liu, Jifeng | University of Michigan, Michigan, USA | 2005 | male | 11 | 56 | 2017 | 43 | 303 | 2017 | 3 | 1 | 1 | 1 | 3 | 2 | 4 | 2 | 5 | 5 | 5 | 9 | 8 | 8 | 0 | 4 | 2 |  5 | 9 | 3 | 6 | 10 | 10 | 13 | 10 | 19 | 26 | 27 | 29 | 40 | 38 | 24 | 31 | 24 |
289 | Steffl, Andrew Joseph | University of Colorado at Boulder, Colorado, USA | 2005 | male | 3 | 7 | 2013 | 6 | 40 | 2017 | 0 | 0 | 0 | 0 | 2 | 1 | 2 | 1 | 1 | 0 | 1 | 0 | 1 | 1 | 0 | 0 | 0 |  0 | 0 | 0 | 0 | 3 | 3 | 4 | 5 | 1 | 0 | 5 | 3 | 4 | 1 | 0 | 6 | 9 |
290 | Rudmann, Darrell S. | University of Illinois at Urbana-Champaign | 2005 | male | 1 | 0 | 2005 | 1 | 0 | 2005 | 0 | 0 | 0 | 0 | 0 | 1 | 0 | 0 | 0 | 0 | 0 | 0 | 0 | 0 | 0 | 0 | 0 |  0 | 0 | 0 | 0 | 0 | 1 | 0 | 0 | 0 | 0 | 0 | 0 | 0 | 0 | 0 | 0 | 0 |
291 | de Felice, Antonio | Syracuse University, New York, USA | 2005 | male | 3 | 19 | 2012 | 4 | 63 | 2017 | 0 | 0 | 0 | 1 | 0 | 2 | 1 | 0 | 1 | 5 | 6 | 5 | 1 | 0 | 0 | 0 | 0 |  0 | 0 | 0 | 1 | 0 | 3 | 2 | 0 | 1 | 5 | 10 | 8 | 9 | 7 | 5 | 5 | 9 |
292 | Khokale, Raghav | The University of Alabama in Huntsville | 2005 | male | 1 | 0 | 2005 | 1 | 0 | 2005 | 0 | 0 | 0 | 0 | 0 | 1 | 0 | 0 | 0 | 0 | 0 | 0 | 0 | 0 | 0 | 0 | 0 |  0 | 0 | 0 | 0 | 0 | 1 | 0 | 0 | 0 | 0 | 0 | 0 | 0 | 0 | 0 | 0 | 0 |
293 | Liu, Hang | Ohio University | 2005 | female | 11 | 28 | 2017 | 29 | 117 | 2017 | 2 | 1 | 0 | 0 | 3 | 5 | 1 | 2 | 3 | 2 | 2 | 2 | 2 | 3 | 2 | 3 | 4 |  6 | 3 | 4 | 2 | 4 | 10 | 5 | 4 | 7 | 6 | 4 | 11 | 14 | 16 | 20 | 12 | 15 |
294 | Montes, Fernando | Michigan State University, Michigan, USA | 2005 | male | 2 | 2 | 2007 | 5 | 26 | 2017 | 0 | 0 | 0 | 0 | 0 | 2 | 1 | 1 | 0 | 0 | 0 | 0 | 0 | 0 | 0 | 0 | 0 |  0 | 0 | 0 | 0 | 1 | 4 | 1 | 2 | 4 | 3 | 1 | 4 | 3 | 1 | 2 | 1 | 2 |
295 | Rykoff, Eli S. | University of Michigan, Michigan, USA | 2005 | female | 5 | 9 | 2016 | 12 | 122 | 2017 | 0 | 0 | 0 | 0 | 2 | 3 | 1 | 1 | 2 | 1 | 1 | 0 | 1 | 0 | 1 | 0 | 1 |  0 | 2 | 2 | 2 | 3 | 3 | 6 | 6 | 2 | 5 | 5 | 5 | 6 | 1 | 10 | 22 | 40 |
296 | Schwartz, Colleen | University of California, nta Barbara, California, USA | 2005 | female | 2 | 1 | 2006 | 3 | 3 | 2017 | 0 | 0 | 0 | 0 | 1 | 1 | 1 | 0 | 0 | 0 | 0 | 0 | 0 | 0 | 0 | 0 | 0 |  0 | 0 | 0 | 0 | 1 | 2 | 1 | 0 | 0 | 0 | 0 | 0 | 0 | 0 | 0 | 0 | 1 |
297 | Tippets, Roger | Union Institute; University, Ohio, USA | 2005 | male | 1 | 0 | 2005 | 1 | 0 | 2005 | 0 | 0 | 0 | 0 | 0 | 1 | 0 | 0 | 0 | 0 | 0 | 0 | 0 | 0 | 0 | 0 | 0 |  0 | 0 | 0 | 0 | 0 | 1 | 0 | 0 | 0 | 0 | 0 | 0 | 0 | 0 | 0 | 0 | 0 |
298 | Ugalde, Claudio | University of Notre Dame | 2005 | male | 2 | 3 | 2013 | 6 | 21 | 2015 | 0 | 0 | 0 | 0 | 0 | 2 | 0 | 1 | 1 | 0 | 0 | 0 | 0 | 1 | 0 | 0 | 0 |  0 | 0 | 0 | 1 | 1 | 4 | 2 | 3 | 4 | 2 | 3 | 1 | 1 | 1 | 2 | 2 | 0 |
299 | Widicus Weaver, Susanna Leigh | California Institute of Technology, California, USA | 2005 | female | 4 | 2 | 2012 | 7 | 15 | 2017 | 0 | 0 | 0 | 0 | 0 | 4 | 0 | 0 | 0 | 1 | 0 | 0 | 1 | 0 | 0 | 0 | 0 |  0 | 0 | 0 | 2 | 1 | 4 | 0 | 0 | 1 | 2 | 1 | 3 | 2 | 2 | 1 | 0 | 2 |
300 | Xin, Lei | The University of Iowa, Iowa, USA | 2005 | male | 1 | 5 | 2012 | 1 | 8 | 2016 | 0 | 0 | 0 | 0 | 0 | 1 | 2 | 1 | 0 | 0 | 1 | 0 | 1 | 0 | 0 | 0 | 0 |  0 | 0 | 0 | 0 | 0 | 1 | 2 | 1 | 0 | 0 | 1 | 0 | 2 | 1 | 0 | 0 | 1 |
301 | Anoka, Cyril Ojodume | Oklahoma State University, Oklahoma, USA | 2005 | male | 1 | 0 | 2005 | 1 | 0 | 2005 | 0 | 0 | 0 | 0 | 0 | 1 | 0 | 0 | 0 | 0 | 0 | 0 | 0 | 0 | 0 | 0 | 0 |  0 | 0 | 0 | 0 | 0 | 1 | 0 | 0 | 0 | 0 | 0 | 0 | 0 | 0 | 0 | 0 | 0 |
