non-USA|2019|King’s College London, University of London, London WC2R 2LS, UK|0|Sakellariadou, Maria|Sakellariadou, M.
non-USA|2017|Department of Electrical and Electronic Engineering, Stellenbosch University, 7600, Stellenbosch, South Africa|0|Young, Albert Raymond|Young, A.
non-USA|2019|Key Laboratory of Lunar and Deep Space Exploration, National Astronomical Observatories, Chinese Academy of Sciences, Beijing, China|0|Xu, Rui-Ming|Tan, Xu
USA|2019|The Johns Hopkins University Applied Physics Laboratory, 11101 Johns Hopkins Road, Laurel, MD 20723, USA|0|Brown, Lawrence E.|Brown, L. E.
non-USA|2014|LOLS, Faculty of Sciences, Univ. of Lisbon, Estrada do Paco do Lumiar 22, 1649-038 Lisbon, Portugal|1|Oliveira, Amauri Pereira De.|Oliveira, A.
USA|2019|Department of Earth, Ocean and Atmospheric Sciences, Florida State University, 1017 Academic Way, Tallahassee, FL, USA|0|Cai, Ming|Cai, Ming
USA|2019|Department of Physics, Penn State University, University Park, PA 16802, USA|0|Anderson, Todd Joseph|Anderson, T.
USA|2019|Fermi National Accelerator Laboratory, PO Box 500, Batavia, IL 60510, USA|0|Zhang, Yuanchong|Zhang, Y.
USA|2015|Lawrence Livermore National Laboratory, Livermore, CA 94550, USA|0|Hagmann, Christian Alexaner|Hagmann, C.
USA|2019|Steward Observatory, University of Arizona, 933 N. Cherry Avenue, Tucson, AZ 85721, USA|0|Jannuzi, Buell Tomasson|Jannuzi, Buell T.
USA|2018|Planetary Science Institute, Tucson, AZ 85719, USA|0|Kargel, Jeffrey Stuart|Kargel, Jeffrey S.
USA|2019|CODEP, Earth Sciences, University of California, Santa Cruz, CA, USA|0|Korycansky, Donald George|Korycansky, D. G.
USA|2016|Department of Physics, The University of Michigan, Ann Arbor, Michigan, USA|0|Levin, Daniel S.|Levin, D.
non-USA|2019|AIM, CEA, CNRS, Université Paris-Saclay, Université Paris Diderot, Sorbonne Paris Cité, 91191, Gif-sur-Yvette, France|0|Madden, Suzanne C.|Madden, S. C.
non-USA|2018|Institute of Space Physics, Luoyang Normal University, Luoyang, China; CAS Key Laboratory of Solar Activity, National Astronomical Observatories, Beijing, China|0|Zhao, Alex Xiaoxin|Zhao, G. Q.
non-USA|2019|NASA Ames Research Center, Moffett Field, CA, United States|0|Moore, Jeffrey Morgan|Moore, Jeffrey M.
USA|2015|The Johns Hopkins University Applied Physics Laboratory, Laurel, MD 20723, USA|0|Bazell, David|Bazell, David
non-USA|2019|Institute of Astronomy, National Central University, 300 Jhongda Road, Jhongli 32054, Taiwan, R.O.C.|0|Chen, Wenping|Chen, W. -P.
non-USA|2019|School of Physics &amp; Astronomy, University of Nottingham, University Park, Nottingham NG7 2RD, UK|0|Merrifield, Michael Ralph|Merrifield, Michael
USA|2019|Department of Earth and Environment, Boston University, Boston, MA USA|0|Smith, Ian Andrew|Smith, Ian A.
-|2017|-|4|Herbst, Thomas Michael|Herbst, T.
USA|2019|Department of Physics and Astronomy, Appalachian State University, 525 Rivers Street, Boone, NC 28608 USA ; ;;|0|Briley, Michael Marshall, Jr.|Briley, Michael M.
USA|2019|Western Kentucky University, Department of Physics and Astronomy, 1906 College Heights Blvd., Bowling Green, KY 42101, USA|0|Carini, Michael Thomas|Carini, Michael
USA|2019|Department of Astronomy, Indiana University, 727 E 3rd Street, Bloomington, IN 47405-7105, USA|0|Deliyannis, Constantine Plato|Deliyannis, Constantine P.
USA|2017|Department of Physics and Astronomy, University of Iowa, Iowa City, IA 52242, USA|0|Gayley, Kenneth Grier|Gayley, Kenneth G.
non-USA|2019|National Centre for Radio Astrophysics, Tata Institute of Fundamental Research, Pune University, Pune 411007, India|2|Gupta, Yashwant|Gupta, Y.
USA|2019|NASA Ames Research Center, Mountain View, CA 94035, USA|0|Marley, Mark Scott|Marley, Mark S.
USA|2019|Jet Propulsion Laboratory, California Institute of Technology, Pasadena, CA 91109, USA|0|Owen, William Mann, Jr.|Owen, W. M.
USA|2012|Los Alamos National Laboratory, Los Alamos, NM 87545, USA|2|Huang, Ching-Yuang Albert|Huang, C.
USA|2019|Southwest Research Institute, Space Science and Engineering Division, Boulder, CO 80302, USA|0|Hassler, Donald M.|Hassler, D. M.
USA|2019|Chester F. Carlson Center for Imaging Science, School of Physics &amp; Astronomy, and Laboratory for Multiwavelength Astrophysics, Rochester Institute of Technology, 54 Lomb Memorial Drive, Rochester, NY 14623, USA|0|Kastner, Joel Harvey|Kastner, Joel H.
non-USA|2019|IRAP, Université de Toulouse, CNRS, UPS, CNES, Toulouse, 31400, France|0|Ferriere, Katia Marcelle|Ferriere, K.
USA|2019|University of Arizona, Tucson, AZ 85721, USA|0|Karkoschka, Erich|Karkoschka, E.
USA|2019|NASA/Marshall Space Flight Center, National Space Science and Technology Center, 320 Sparkman Drive, NW, Huntsville, AL 35805-1912, USA ; Department of Applied Physics and Department of Bionanotechnology, Hanyang University, Ansan, Kyunggi-Do 15588, Republic of Korea|0|Jung, Young-Dae|Jung, Young-Dae
non-USA|2019|Department of Physics and Astronomy, Seoul National University, Seoul 151-747, Republic of Korea|0|Koo, Bon-Chul|Koo, Bon-Chul
non-USA|2018|Private Astronomer|0|Caditz, David Merrill|Caditz, David M.
USA|2019|Department of Physics and Astronomy, University of New Mexico, Albuquerque, NM 87131, USA|0|Henning, Patricia A.|Henning, Patricia
USA|2018|Department of Geological Sciences, Case Western Reserve University, Cleveland, Ohio 44106-7216 USA|0|Harvey, Ralph P.|Harvey, Ralph P.
USA|2019|Planetary Science Institute, Tucson, AZ 85719, USA|0|Domingue, Deborah Lynn|Domingue, D.
USA|2019|National Center for Supercomputing Applications, 1205 West Clark St, Urbana, IL 61801, USA|0|Johnson, Michael William|Johnson, M. W. G.
USA|2016|Department of Astronomy, University of Florida, 211 Bryant Space Science Center Gainesville, FL 32611, USA|0|Lada, Elizabeth Anne|Lada, Elizabeth
USA|2018|Physics Division, Lawrence Berkeley National Laboratory, 1 Cyclotron Road, Berkeley, CA 94720, USA|0|Aldering, Gregory Scott|Aldering, G.
USA|2015|Yale University, Dept. of Physics, 217 Prospect St., New Haven, CT 06511, USA|0|Edwards, Bradley Carl|Edwards, B.
USA|2019|Space Telescope Science Institute, 3700 San Martin Drive, Baltimore, MD 21218, USA|0|Ferguson, Henry Closson|Ferguson, Henry C.
non-USA|2017|St. Mary's College, Halifax, Nova Scotia, Canada B3H 3C3|0|Austin, Robert Andreas|Austin, R. A. E.
USA|2019|California State University, Fullerton, 800 N State College Boulevard, Fullerton, CA 92831, USA|0|Cheng, Kwang-Ping|Cheng, Kwang-Ping
USA|2016|Department of Astronomy, University of Michigan, 500 Church Street, Ann Arbor, MI 48109, USA|0|Bell, Edwin Vern, II|Bell, E.
non-USA|2016|Institute of Geology and Geophysics, Chinese Academy of Sciences, Beijing, China|0|Shan, Lin-Hua|Shan, L.
USA|2019|Cahill Center for Astronomy and Astrophysics, California Institute of Technology, MS 249-17, Pasadena, CA 91125, USA|0|Steidel, Charles Colville|Steidel, Charles C.
non-USA|2019|Science Directorate, European Space Agency, Norrdwijk, The Netherlands|0|Tauber, Jan Alejandro|Tauber, J.
USA|2019|Department of Physics and Astronomy, Michigan State University, East Lansing, MI 48824, USA|0|Voit, Gerard Mark|Voit, G. Mark
non-USA|2017|Cerro Tololo Inter-American Observatory, National Optical Astronomy Observatory, Casilla 603, La Serena, Chile|0|Walker, Arthur H.|Walker, A.
USA|2016|Department of Physics, Princeton University, Princeton, New Jersey 08544, USA|3|Xiang, Xuwu|Xiang, X.
USA|2019|Center for Interdisciplinary Exploration &amp; Research in Astrophysics (CIERA), Northwestern University, Evanston, IL 60208, USA|0|Miller, James Anthony|Miller, B. B.
USA|2018|James Madison University, Harrisonburg, VA 22807, USA|0|Butner, Harold Martin|Butner, H.
USA|2019|Department of Physics and Astronomy, Purdue University, West Lafayette, IN 47907, USA|0|Finley, John Patrick|Finley, J. P.
USA|2019|Harvard-Smithsonian Center for Astrophysics, Cambridge, MA 02138, USA|2|Greenhill, Lincoln Jared|Greenhill, L. J.
non-USA|2006|National Radio Astronomy Observatory, 949 North Cherry Avenue, Tucson, AZ 85721|1|Holdaway, Mark Allan|Holdaway, Mark
USA|2018|Johns Hopkins University APL, Laurel, MD USA|0|Johnson, Joni Jayne|Johnson, J.
non-USA|2019|Max-Planck-Institut für extraterrestrische Physik (MPE), Giessenbachstrasse 1, D-85748 Garching bei München, Germany|0|Liu, Tianxing|Liu, T.
non-USA|2018|Département de physique, de génie physique et d'optique, Université Laval, Québec, QC, G1V 0A6, Canada ; Centre de Recherche en Astrophysique du Québec, QC, Canada|0|Martel, Hugo|Martel, Hugo
non-USA|2019|Korea Astronomy and Space Science Institute, 776 Daedeok-daero, Yuseong, Daejeon 34055, Republic of Korea|0|Minh, Young Chol|Minh, Young Chol
USA|2019|Center for Space Plasma and Aeronomic Research, University of Alabama in Huntsville, 320 Sparkman Drive, Huntsville, AL 35899, USA; Space Science Department, University of Alabama in Huntsville, 320 Sparkman Drive, Huntsville, AL 35899, USA|0|Preece, Robert Dwight|Preece, R. D.
USA|2015|Department of Astronomy, University of Washington, Box 351580, Seattle, WA 98195, USA|0|Simons, Douglas Anthony|Simons, D.
non-USA|2015|Genesis Software Pty Ltd, Adelaide, Australia|0|O'Connor, Daniel Joseph|O'Connor, D.
USA|2018|University of Rochester, Rochester, USA|0|Han, Jeong-Whan|Han, J.
USA|2017|Geophysical Institute, University of Alaska Fairbanks, Fairbanks, Alaska USA|0|Dennis, Theodore Stephen|Dennis, T.
USA|2019|Department of Physics, University of Delaware, Newark, Delaware 19716, USA|1|Clem, John Mason|Clem, J. M.
USA|2019|Brown University, Department of Physics, Providence, RI 02912, USA|0|Li, Wei-Wei|Li, W.
USA|2019|LIGO, California Institute of Technology, Pasadena, CA 91125, USA|0|Blackburn, James Kent|Blackburn, J. K.
non-USA|2018|Jagiellonian University, PL-31-007-Krakow, Poland|1|Ma, Chung-Chun|Majka, Z.
USA|2019|Department of Astronomy, University of Virginia, Charlottesville, VA 22904, USA ; Department of Space, Earth and Environment, Chalmers University, SE-412 96 Gothenburg, Sweden|0|Tan, Jianmin|Tan, J. C.
non-USA|2019|Key Laboratory of Solar Activity, Chaoyang District, Beijing, P.R. China; National Astronomical Observatories, CAS, Chaoyang District, Beijing, P.R. China|0|Deng, Yaobing|Deng, Y. Y.
non-USA|2019|School of Physics and Astronomy, University of Southampton, Southampton SO17 1BJ, UK|0|Smith, Michael Scott|Smith, M.
non-USA|2019|University of New South Wales Canberra, Canberra, ACT 2612, Australia|0|Brown, Michael Lee|Brown, M.
USA|2019|Jet Propulsion Laboratory, California Institute of Technology, Pasadena, CA USA|0|Fetzer, Eric Joseph|Fetzer, Eric J.
USA|2016|Space Science Division, Naval Research Laboratory, Washington, DC, USA|0|Strachan, Leonard, Jr.|Strachan, L.
non-USA|2019|Center for Astrophysics, Guangzhou University, 510006 Guangzhou, People’s Republic of China|0|Huang, Jiun Woei|Huang, J.
USA|2018|Electrical and Computer Engineering, New Mexico State University, Las Cruces, NM, USA|0|Stochaj, Steven Jon|Stochaj, S.
non-USA|2017|Instituto de Física, Pontificia Universidad Católica de Valparaíso, Valparaiso, Chile|0|del Campo, Sergio Enrique|del Campo, Sergio
non-USA|2018|NASA Marshall Space Flight Center|1|Kolodziejczak, Jeffery Jay|Kolodziejczak, Jeffery J.
non-USA|2019|Institute of Space Science and Technology, Nanchang University, Nanchang, Jiangxi, People's Republic of China|0|Pang, Yi.|Pang, Y.
USA|2019|Los Alamos National Laboratory, P.O. Box 1663, Los Alamos, NM 87545, USA|0|Saumon, Didier|Saumon, Didier
non-USA|2018|York University, Toronto, Ontario M3J 1P3, Canada|0|Moore, Kurt R.|Moore, K.
non-USA|2019|International Centre for Theoretical Sciences, Tata Institute of Fundamental Research, Bengaluru 560089, India|0|Mehta, Apurva|Mehta, A. K.
USA|2015|Department of Chemistry and Biochemistry, San Diego State University, 5500 Campanile Drive, San Diego CA 92182-1030, USA|0|Cooksy, Andrew Lloyd|Cooksy, Andrew L.
USA|2018|Jet Propulsion Laboratory, California Institute of Technology, Pasadena, CA USA|0|Heflin, Michael Brent|Heflin, Michael
USA|2018|Solar System Science &amp; Exploration, Monrovia, USA|0|Spilker, Thomas Richard|Spilker, T.
non-USA|2019|South-Western Institute for Astronomy Research, Yunnan University, Kunming, Yunnan 650091, P. R. China; Department of Astronomy, China West Normal University, Nanchong 637009, P.R. China|0|Wang, Huili|Wang, H. -F.
USA|2016|Department of Physics and Astronomy, University of California Irvine, Irvine, California, USA|0|Casper, David William|Casper, D. W.
non-USA|2018|Tsinghua Center for Astrophysics, Tsinghua University, Beijing 100084, People's Republic of China|1|Chen, Jacqueline H.|Chen, J.
USA|2019|Jet Propulsion Laboratory, Pasadena, CA, USA|0|Smrekar, Suzanne Elizabeth|Smrekar, S. E.
non-USA|2019|OzGrav, Swinburne University of Technology, Hawthorn VIC 3122, Australia|0|Powell, James Alan|Powell, J.
USA|2019|Department of Atmospheric Sciences, Texas A&amp;M University, College Station, TX USA|0|Saravanan, R.|Saravanan, R.
USA|2019|Fermi National Accelerator Laboratory, PO Box 500, Batavia, IL 60510, USA|0|Zhang, Yuhong|Zhang, Y.
non-USA|2018|International Centre for Theoretical Physics, Trieste, Italy; Sorbonne Université, UPMC Univ Paris 06, UMR 7589, LPTHE, Paris, France|0|Dabholkar, Atish|Dabholkar, Atish
USA|2019|Department of Astronomy, University of Michigan, 830 Dennison Building, 500 Church Street, Ann Arbor, MI 48109, USA|0|Reynolds, Michael David|Reynolds, M.
USA|2019|Department of Astronomy, University of Maryland, College Park, MD, USA|3|Miller, Michael Coleman|Miller, M. Coleman
USA|2019|Department of Astrophysical Sciences, Princeton University, Princeton, NJ 08544, USA|0|Cen, Renyue|Cen, Renyue
USA|2019|Department of Physics, University of California, Santa Barbara, CA, USA|0|Meinhold, Peter Russell|Meinhold, P.
USA|2019|National Radio Astronomy Observatory, 520 Edgemont Road, Charlottesville, VA, 22903, USA|0|Mangum, Jeffrey Gary|Mangum, J. G.
USA|2019|Department of Astrophysical Sciences, Peyton Hall, Princeton University, Princeton, NJ 08544, USA|0|Stone, James Mclellan|Stone, James M.
USA|2019|Harvard-Smithsonian Center for Astrophysics, 60 Garden Street, Cambridge, MA 02138, USA|0|Slavin, Jonathan David|Slavin, Jonathan D.
USA|2016|Institute for Astronomy, University of Hawaii at Manoa, Honolulu, HI 96822, USA|0|Schultz, August L.|Schultz, A.
non-USA|2019|Inter-University Center for Astronomy and Astrophysics, Post Bag 4, Pune, Maharashtra 411007, India|1|Bhattacharya, Debadarshi|Bhattacharya, D.
USA|2019|Institute for Astronomy, University of Hawai'i, 2680 Woodlawn Drive, Honolulu, HI 96822, USA|0|Chambers, Kenneth Carter|Chambers, K. C.
non-USA|2019|Division of Natural Sciences, University of Maine at Farmington, 173 High Street, Farmington, ME, 04938, United States|0|Magri, Christopher|Magri, C.
USA|2018|Laboratory for Atmospheric and Space Physics, University of Colorado Boulder, Boulder, Colorado, USA ; Max-Planck-Institut für Sonnensystemforschung, Göttingen, Germany|0|Kopp, Greg|Kopp, G.
USA|2019|Department of Physics, University of California, Davis, CA 95616, USA; Institute of Geophysics and Planetary Physics, Lawrence Livermore National Laboratory, Livermore, CA 94551, USA|0|Stanford, Spencer Adam|Stanford, S. A.
USA|2018|Jet Propulsion Laboratory, California Institute of Technology, 4800 Oak Grove Drive, Pasadena 91109, CA, USA|0|Simon, Jonathan Zev|Simon, J.
USA|2019|Department of Physics, Wake Forest University, Winston-Salem, North Carolina 27109, USA|0|Cook, Gregory Brown|Cook, Gregory B.
non-USA|2016|Niels Bohr Institute, University of Copenhagen, Kobenhavn, Denmark|0|Hansen, John David|Hansen, P. H.
non-USA|2016|Cavendish Laboratory, University of Cambridge, Cambridge, United Kingdom|0|Thomson, Eloise Pugar|Thomson, M.
non-USA|2019|Department of Physics, National Central University, Jhongli City, Taoyuan County 32054, Taiwan|0|Huang, Chunsheng|Huang, C. H.
non-USA|2019|Department of Physics and Astronomy, University of Calgary, Calgary, Alberta Canada|0|Knudsen, David J.|Knudsen, David J.
USA|2012|Los Alamos National Laboratory, Los Alamos, NM 87545, USA|2|Huang, Ching-Yuang Albert|Huang, C.
non-USA|2019|Delft University of Technology, Kluyverweg 1, 2629 HS Delft, The Netherlands|0|Mao, Xiaotian|Mao, X.
non-USA|2018|Central Connecticut State University, 1615 Stanley Street, New Britain, CT 06050|0|Larsen, Kristine Marie|Larsen, K.
USA|2019|Department of Physics and Astronomy, UCLA, 430 Portola Plaza, Los Angeles, CA 90095-1547, USA|0|Wang, Xue-Sen|Wang, X.
non-USA|2019|School of Space Research and Department of Astronomy and Space Science, Kyung Hee University, Yongin, Gyeonggi South Korea|0|Lee, Dong-Hun|Lee, Dong-Hun
USA|2017|Space Telescope Science Institute, 3700 San Martin Drive, Baltimore, MD 21218, USA|0|Flanagan, Kathryn Anne|Flanagan, K.
USA|2018|Department of Earth System Science, University of California, CA, Irvine USA|0|Wood, Matthew Alan|Wood, M.
USA|2018|L-3 Communications/Brashear, 615 Epsilon Drive, Pittsburgh, PA 15238-2807, USA|0|Canzian, Blaise Joseph|Canzian, Blaise J.
USA|2019|Department of Physics and Astronomy, Michigan State University, East Lansing, MI 48824, USA|0|Donahue, Megan Elizabeth|Donahue, Megan
USA|2019|NRAO, P.O. Box O, Socorro, NM 87801, USA|0|Myers, Steven Theodore|Myers, S. T.
non-USA|2019|Astronomy Program, Department of Physics and Astronomy, Seoul National University, 1 Gwanak-ro, Gwanak-gu, Seoul 151-742, Republic of Korea|0|Lee, Myung Gyoon|Lee, Myung Gyoon
non-USA|2019|International Centre for Radio Astronomy Research, Curtin University, GPO Box U1987, Perth, WA, 6845, Australia|0|Morgan, James Arthur|Morgan, J.
non-USA|2019|Department Astronomy, Nanjing University, 163 Xianlin Avenue, Nanjing 210023, China|0|Zhang, Xiao-He.|Zhang, Xiao
USA|2017|Department of Physics Miami University Oxford, OH 45056, USA|0|Alexander, Stephen George|Staron, Alexander
non-USA|2018|Nordita KTH Royal Institute of Technology and Stockholm University Roslagstullsbacken 23, SE-106 91 Stockholm, Sweden|0|Bjornsson, Gunnlaugur|Bjornsson, Gunnlaugur
USA|2017|OAM Solutions, LLC, 9300 Stardust Trail, Flagstaff, AZ 86004, USA|0|Elias, Nicholas|Elias, Nicholas
non-USA|2018|European Southern Observatory, Karl-Schwarzschild-Strasse 2, D-85748 Garching bei München, Germany|0|Freudling, Wolfram|Freudling, W.
non-USA|2018|Department of Physics, KTH Royal Institute of Technology, Stockholm, Sweden; School of Physics and Astronomy, Cardiff University, Cardiff, UK|0|Jackson, Martin Andrew|Jackson, M.
non-USA|2019|University of Cambridge Madingley Road Cambridge, CB3 OHA, UK|0|King, David Henry|King, David
non-USA|2019|National Astronomical Observatories of China (NAOC), Chinese Academy of Science, Beijing, PR China|0|Wu, Xiaoyi|Wu, X.
USA|2018|NASA JPL, Pasadena, CA USA|0|Blaney, Diana Lee|Blaney, D.
non-USA|2019|Department of Physics, Saint Louis University, St. Louis, MO 63156-0907, United States of America|0|Comer, Gregory Lee|Comer, G. L.
USA|2018|US Naval Observatory, 3450 Massachusetts Avenue, NW, Washington, DC, 20392, USA|0|Hilton, James Lindsay|Hilton, J. L.
USA|2019|Department of Physics, Western Michigan University, 1120 Everett Tower, Kalamazoo, MI 49008-5252, USA|0|Korista, Kirk Thomas|Korista, K. T.
USA|2019|Department of Astronomy, University of Massachusetts, 710 North Pleasant St., Amherst, MA 01003, USA|0|Wang, Qingde|Wang, Q. Daniel
non-USA|2019|Institute of Modern Physics, Chinese Academy of Sciences, Nanchang Road 509, Lanzhou 730000, China|0|Zhang, Dahai|Zhang, Y. J.
non-USA|2018|Nordita KTH Royal Institute of Technology and Stockholm University Roslagstullsbacken 23, SE-106 91 Stockholm, Sweden|0|Bjornsson, Gunnlaugur|Bjornsson, Gunnlaugur
non-USA|2015|Morehead State University|0|Malphrus, Benjamin Kevin|Malphrus, B.
USA|2019|Artemis, Université Côte d’Azur, Observatoire Côte d’Azur, CNRS, CS 34229, F-06304 Nice Cedex 4, France; Carleton College, Northfield, MN 55057, USA|0|Christensen, Nelson Lloyd, Jr.|Christensen, N.
non-USA|2019|GeoZentrum Nordbayern, Universität Erlangen-Nürnberg, Schlossgarten 5, 91054 Erlangen, Germany|0|Sun, Yonghe|Sun, Y. D.
USA|2015|National Center for Atmospheric Research, Boulder, Colorado USA|0|Beaton, Stuart Paul|Beaton, S. P.
non-USA|2018|Jagiellonian University, PL-31-007-Krakow, Poland|1|Ma, Chung-Chun|Majka, Z.
non-USA|2019|Department of Physics &amp; Astronomy, McMaster University, Hamilton, ON L8S 4M1 Canada|0|Wilson, Christine Diana|Wilson, Christine D.
