 n |  name |  university |  phd_year |  gender |  fa_n_pubs_pre_phd |  fa_n_pubs_prost_phd |  fa_year_last |  all_n_pubs_pre_phd |  all_n_pubs_prost_phd |  all_year_last |  fa_1999 |  fa_2000 |  fa_2001 |  fa_2002 |  fa_2003 |  fa_2004 |  fa_2005 |  fa_2006 |  fa_2007 |  fa_2008 |  fa_2009 |  fa_2010 |  fa_2011 |  fa_2012 |  fa_2013 |  fa_2014 |  fa_2015 |  fa_2016 |  all_1999 |  all_2000 |  all_2001 |  all_2002 |  all_2003 |  all_2004 |  all_2005 |  all_2006 |  all_2007 |  all_2008 |  all_2009 |  all_2010 |  all_2011 |  all_2012 |  all_2013 |  all_2014 |  all_2015 |  all_2016 | foo
 1 | Bailin, Jeremy | The University of Arizona, Arizona, USA | 2004 | male | 4 | 11 | 2014 | 4 | 49 | 2017 | 0 | 0 | 0 | 0 | 2 | 2 | 2 | 0 | 2 | 3 | 1 | 1 | 1 | 0 | 0 | 1 | 0 | 0 | 0 | 0 | 0 | 0 | 2 | 2 | 2 | 4 | 2 | 6 | 2 | 5 | 4 | 3 | 4 | 7 | 0 | 6 |
 6 | Broderick, Avery E. | California Institute of Technology, California, USA | 2004 | male | 6 | 30 | 2016 | 7 | 58 | 2017 | 0 | 1 | 0 | 1 | 2 | 2 | 2 | 5 | 2 | 2 | 5 | 3 | 3 | 1 | 0 | 3 | 2 | 2 | 0 | 1 | 0 | 1 | 3 | 2 | 3 | 6 | 2 | 3 | 8 | 3 | 3 | 5 | 0 | 8 | 7 | 7 |
 9 | Moro-Martin, Maria Amaya | The University of Arizona, Arizona, USA | 2004 | female | 1 | 0 | 2004 | 1 | 0 | 2004 | 0 | 0 | 0 | 0 | 0 | 1 | 0 | 0 | 0 | 0 | 0 | 0 | 0 | 0 | 0 | 0 | 0 | 0 | 0 | 0 | 0 | 0 | 0 | 1 | 0 | 0 | 0 | 0 | 0 | 0 | 0 | 0 | 0 | 0 | 0 | 0 |
 10 | Sievers, Jonathan Leroy | California Institute of Technology, California, USA | 2004 | male | 2 | 2 | 2013 | 10 | 58 | 2017 | 0 | 0 | 0 | 0 | 1 | 1 | 0 | 0 | 1 | 0 | 0 | 0 | 0 | 0 | 1 | 0 | 0 | 0 | 0 | 0 | 1 | 1 | 4 | 4 | 3 | 2 | 2 | 0 | 3 | 5 | 7 | 4 | 5 | 6 | 9 | 8 |
 13 | Mignone, Andrea | The University of Chicago, Illinois, USA | 2004 | female | 3 | 19 | 2013 | 6 | 68 | 2017 | 0 | 0 | 0 | 0 | 1 | 2 | 4 | 1 | 3 | 2 | 3 | 3 | 0 | 2 | 1 | 0 | 0 | 0 | 0 | 0 | 0 | 0 | 2 | 4 | 5 | 1 | 4 | 9 | 11 | 4 | 4 | 5 | 7 | 6 | 4 | 5 |
 15 | Baiocchi, Dave | The University of Arizona, Arizona, USA | 2004 | male | 1 | 0 | 2004 | 1 | 0 | 2004 | 0 | 0 | 0 | 0 | 0 | 1 | 0 | 0 | 0 | 0 | 0 | 0 | 0 | 0 | 0 | 0 | 0 | 0 | 0 | 0 | 0 | 0 | 0 | 1 | 0 | 0 | 0 | 0 | 0 | 0 | 0 | 0 | 0 | 0 | 0 | 0 |
 16 | Beyer, Ross Alan | The University of Arizona, Arizona, USA | 2004 | male | 2 | 4 | 2017 | 5 | 46 | 2017 | 0 | 0 | 0 | 0 | 1 | 1 | 1 | 0 | 0 | 0 | 0 | 0 | 0 | 1 | 0 | 0 | 0 | 1 | 0 | 0 | 0 | 0 | 1 | 4 | 2 | 2 | 3 | 4 | 0 | 7 | 0 | 5 | 0 | 2 | 2 | 10 |
 20 | Barnes, Rory | University of Washington, Washington, USA | 2004 | male | 4 | 17 | 2015 | 9 | 79 | 2017 | 0 | 0 | 1 | 0 | 0 | 3 | 0 | 3 | 2 | 2 | 3 | 1 | 1 | 0 | 2 | 0 | 3 | 0 | 0 | 0 | 2 | 2 | 0 | 5 | 3 | 5 | 5 | 9 | 6 | 8 | 6 | 4 | 11 | 6 | 11 | 4 |
 24 | Alexakis, Alexandros | THE UNIVERSITY OF CHICAGO | 2004 | male | 5 | 5 | 2013 | 6 | 12 | 2016 | 0 | 0 | 0 | 2 | 0 | 3 | 1 | 1 | 1 | 0 | 0 | 0 | 1 | 0 | 1 | 0 | 0 | 0 | 0 | 0 | 1 | 2 | 0 | 3 | 2 | 1 | 2 | 0 | 0 | 0 | 1 | 0 | 2 | 1 | 1 | 2 |
 25 | Schroedter, Martin | The University of Arizona, Arizona, USA | 2004 | male | 1 | 4 | 2009 | 26 | 66 | 2015 | 0 | 0 | 0 | 0 | 0 | 1 | 2 | 0 | 0 | 1 | 1 | 0 | 0 | 0 | 0 | 0 | 0 | 0 | 0 | 0 | 0 | 1 | 19 | 6 | 5 | 3 | 2 | 7 | 13 | 8 | 13 | 8 | 5 | 1 | 1 | 0 |
 29 | Kashiv, Yoav | THE UNIVERSITY OF CHICAGO | 2004 | male | 1 | 1 | 2010 | 1 | 4 | 2013 | 0 | 0 | 0 | 0 | 0 | 1 | 0 | 0 | 0 | 0 | 0 | 1 | 0 | 0 | 0 | 0 | 0 | 0 | 0 | 0 | 0 | 0 | 0 | 1 | 0 | 1 | 0 | 0 | 0 | 1 | 0 | 1 | 1 | 0 | 0 | 0 |
 31 | Kargalstev, Oleg | Pennsylvania State University | 2004 | male | 1 | 0 | 2004 | 1 | 0 | 2004 | 0 | 0 | 0 | 0 | 0 | 1 | 0 | 0 | 0 | 0 | 0 | 0 | 0 | 0 | 0 | 0 | 0 | 0 | 0 | 0 | 0 | 0 | 0 | 1 | 0 | 0 | 0 | 0 | 0 | 0 | 0 | 0 | 0 | 0 | 0 | 0 |
 32 | Noel-Storr, Jacob | COLUMBIA UNIVERSITY | 2004 | male | 3 | 1 | 2007 | 5 | 13 | 2014 | 0 | 0 | 0 | 0 | 1 | 2 | 0 | 0 | 1 | 0 | 0 | 0 | 0 | 0 | 0 | 0 | 0 | 0 | 0 | 0 | 0 | 1 | 1 | 3 | 0 | 2 | 1 | 3 | 1 | 3 | 0 | 2 | 0 | 1 | 0 | 0 |
 33 | Splaver, Eric Michael | PRINCETON UNIVERSITY | 2004 | male | 2 | 1 | 2005 | 4 | 3 | 2006 | 0 | 0 | 0 | 1 | 0 | 1 | 1 | 0 | 0 | 0 | 0 | 0 | 0 | 0 | 0 | 0 | 0 | 0 | 0 | 1 | 1 | 1 | 0 | 1 | 2 | 1 | 0 | 0 | 0 | 0 | 0 | 0 | 0 | 0 | 0 | 0 |
 35 | Afshordi, Niyayesh | PRINCETON UNIVERSITY | 2004 | female | 3 | 0 | 2004 | 4 | 2 | 2011 | 0 | 0 | 0 | 0 | 2 | 1 | 0 | 0 | 0 | 0 | 0 | 0 | 0 | 0 | 0 | 0 | 0 | 0 | 1 | 0 | 0 | 0 | 2 | 1 | 0 | 0 | 0 | 0 | 0 | 1 | 1 | 0 | 0 | 0 | 0 | 0 |
 36 | Lim, Eugene A. | THE UNIVERSITY OF CHICAGO | 2004 | male | 1 | 4 | 2015 | 5 | 33 | 2017 | 0 | 0 | 0 | 0 | 0 | 1 | 1 | 0 | 0 | 0 | 0 | 1 | 0 | 1 | 0 | 0 | 1 | 0 | 0 | 0 | 0 | 0 | 2 | 3 | 2 | 2 | 2 | 4 | 3 | 3 | 2 | 4 | 4 | 4 | 2 | 0 |
 37 | Selman, Fernando J. | California Institute of Technology, California, USA | 2004 | male | 4 | 3 | 2013 | 9 | 25 | 2016 | 2 | 1 | 0 | 0 | 0 | 1 | 1 | 0 | 0 | 1 | 0 | 0 | 0 | 0 | 1 | 0 | 0 | 0 | 4 | 1 | 2 | 0 | 0 | 2 | 2 | 0 | 3 | 4 | 3 | 0 | 5 | 1 | 1 | 1 | 2 | 3 |
 42 | Simcoe, Robert Andrew | California Institute of Technology, California, USA | 2004 | male | 4 | 6 | 2013 | 6 | 44 | 2017 | 0 | 0 | 0 | 1 | 0 | 3 | 0 | 2 | 0 | 0 | 0 | 0 | 2 | 1 | 1 | 0 | 0 | 0 | 0 | 0 | 0 | 2 | 1 | 3 | 1 | 5 | 1 | 0 | 1 | 2 | 8 | 5 | 8 | 4 | 4 | 2 |
 48 | Savage, Chandra Shannon | THE UNIVERSITY OF ARIZONA | 2004 | male | 4 | 5 | 2009 | 11 | 19 | 2016 | 0 | 0 | 0 | 1 | 0 | 3 | 1 | 1 | 1 | 0 | 2 | 0 | 0 | 0 | 0 | 0 | 0 | 0 | 1 | 0 | 1 | 3 | 1 | 5 | 3 | 3 | 3 | 0 | 2 | 3 | 1 | 2 | 0 | 1 | 0 | 1 |
 63 | Dai, Xinyu | Pennsylvania State University | 2004 | male | 3 | 16 | 2015 | 12 | 84 | 2017 | 0 | 0 | 0 | 0 | 1 | 2 | 2 | 1 | 2 | 3 | 3 | 2 | 0 | 2 | 0 | 0 | 1 | 0 | 0 | 0 | 2 | 2 | 2 | 6 | 4 | 4 | 5 | 8 | 5 | 11 | 5 | 10 | 9 | 4 | 10 | 5 |
 64 | Young, Patrick Allen | THE UNIVERSITY OF ARIZONA | 2004 | male | 5 | 9 | 2014 | 8 | 36 | 2017 | 0 | 0 | 2 | 0 | 2 | 1 | 2 | 1 | 2 | 0 | 1 | 0 | 0 | 2 | 0 | 1 | 0 | 0 | 0 | 1 | 3 | 0 | 3 | 1 | 3 | 3 | 5 | 0 | 6 | 3 | 0 | 3 | 3 | 3 | 3 | 2 |
 68 | Hunt, Cynthia L. | California Institute of Technology, California, USA | 2004 | female | 1 | 0 | 2004 | 3 | 0 | 2004 | 0 | 0 | 0 | 0 | 0 | 1 | 0 | 0 | 0 | 0 | 0 | 0 | 0 | 0 | 0 | 0 | 0 | 0 | 0 | 0 | 0 | 2 | 0 | 1 | 0 | 0 | 0 | 0 | 0 | 0 | 0 | 0 | 0 | 0 | 0 | 0 |
 70 | Strasburg, Jana Dee | UNIVERSITY OF WASHINGTON | 2004 | female | 1 | 0 | 2004 | 2 | 1 | 2008 | 0 | 0 | 0 | 0 | 0 | 1 | 0 | 0 | 0 | 0 | 0 | 0 | 0 | 0 | 0 | 0 | 0 | 0 | 0 | 0 | 0 | 0 | 0 | 2 | 0 | 0 | 0 | 1 | 0 | 0 | 0 | 0 | 0 | 0 | 0 | 0 |
 72 | Curioni, Alessandro | COLUMBIA UNIVERSITY | 2004 | male | 1 | 1 | 2007 | 8 | 12 | 2014 | 0 | 0 | 0 | 0 | 0 | 1 | 0 | 0 | 1 | 0 | 0 | 0 | 0 | 0 | 0 | 0 | 0 | 0 | 0 | 3 | 3 | 0 | 0 | 2 | 0 | 0 | 1 | 1 | 1 | 2 | 1 | 2 | 2 | 2 | 0 | 0 |
 73 | Hungerford, Aimee Louise | The University of Arizona, Arizona, USA | 2004 | female | 3 | 3 | 2006 | 4 | 24 | 2016 | 0 | 0 | 0 | 0 | 1 | 2 | 2 | 1 | 0 | 0 | 0 | 0 | 0 | 0 | 0 | 0 | 0 | 0 | 0 | 0 | 0 | 0 | 1 | 3 | 5 | 6 | 4 | 0 | 1 | 2 | 0 | 1 | 2 | 0 | 1 | 2 |
 78 | Barnes, Jason Wayne | THE UNIVERSITY OF ARIZONA | 2004 | male | 4 | 23 | 2016 | 7 | 90 | 2017 | 0 | 0 | 0 | 1 | 1 | 2 | 1 | 2 | 3 | 1 | 5 | 0 | 3 | 1 | 3 | 1 | 2 | 1 | 0 | 1 | 2 | 1 | 1 | 2 | 2 | 3 | 7 | 7 | 9 | 8 | 6 | 16 | 7 | 11 | 7 | 6 |
 83 | Neill, James D., III | COLUMBIA UNIVERSITY | 2004 | male | 4 | 7 | 2014 | 5 | 62 | 2017 | 0 | 0 | 1 | 1 | 0 | 2 | 2 | 1 | 1 | 0 | 1 | 0 | 1 | 0 | 0 | 1 | 0 | 0 | 0 | 0 | 1 | 2 | 0 | 2 | 3 | 7 | 2 | 3 | 2 | 5 | 11 | 6 | 4 | 6 | 4 | 6 |
 90 | Mastrapa, Rachel Michelle Elizabeth | THE UNIVERSITY OF ARIZONA | 2004 | female | 2 | 2 | 2010 | 2 | 7 | 2015 | 0 | 0 | 1 | 0 | 0 | 1 | 0 | 1 | 0 | 0 | 0 | 1 | 0 | 0 | 0 | 0 | 0 | 0 | 0 | 0 | 1 | 0 | 0 | 1 | 0 | 2 | 0 | 0 | 1 | 2 | 0 | 1 | 0 | 0 | 1 | 0 |
 99 | O'Brien, David Patrick | THE UNIVERSITY OF ARIZONA | 2004 | male | 3 | 11 | 2014 | 12 | 70 | 2016 | 0 | 0 | 0 | 1 | 1 | 1 | 2 | 2 | 1 | 0 | 2 | 0 | 3 | 0 | 0 | 1 | 0 | 0 | 0 | 0 | 1 | 2 | 4 | 5 | 3 | 4 | 3 | 2 | 5 | 5 | 8 | 12 | 10 | 7 | 6 | 5 |
 103 | Kessler-Silacci, Jacqueline | CALIFORNIA INSTITUTE OF TECHNOLOGY | 2004 | female | 1 | 3 | 2007 | 2 | 19 | 2009 | 0 | 0 | 0 | 0 | 0 | 1 | 1 | 1 | 1 | 0 | 0 | 0 | 0 | 0 | 0 | 0 | 0 | 0 | 0 | 0 | 0 | 0 | 0 | 2 | 5 | 5 | 6 | 2 | 1 | 0 | 0 | 0 | 0 | 0 | 0 | 0 |
 104 | Sollitt, Luke | CALIFORNIA INSTITUTE OF TECHNOLOGY | 2004 | male | 4 | 1 | 2008 | 4 | 6 | 2010 | 1 | 0 | 1 | 0 | 1 | 1 | 0 | 0 | 0 | 1 | 0 | 0 | 0 | 0 | 0 | 0 | 0 | 0 | 1 | 0 | 1 | 0 | 1 | 1 | 0 | 0 | 0 | 2 | 2 | 2 | 0 | 0 | 0 | 0 | 0 | 0 |
 106 | O'Shaughnessy, R. | CALIFORNIA INSTITUTE OF TECHNOLOGY | 2004 | None | 3 | 18 | 2017 | 3 | 185 | 2017 | 0 | 0 | 0 | 0 | 2 | 1 | 3 | 1 | 1 | 2 | 0 | 3 | 2 | 2 | 1 | 2 | 0 | 0 | 0 | 0 | 0 | 0 | 2 | 1 | 4 | 4 | 11 | 19 | 14 | 14 | 10 | 23 | 12 | 20 | 14 | 29 |
 115 | Bouchez, Antonin Henri | CALIFORNIA INSTITUTE OF TECHNOLOGY | 2004 | male | 3 | 2 | 2012 | 7 | 28 | 2015 | 1 | 1 | 0 | 0 | 0 | 1 | 1 | 0 | 0 | 0 | 0 | 0 | 0 | 1 | 0 | 0 | 0 | 0 | 2 | 1 | 1 | 1 | 0 | 2 | 8 | 8 | 1 | 0 | 0 | 3 | 3 | 2 | 2 | 0 | 1 | 0 |
 118 | Yost, Sarah Anne | CALIFORNIA INSTITUTE OF TECHNOLOGY | 2004 | female | 4 | 6 | 2015 | 25 | 23 | 2015 | 0 | 1 | 0 | 1 | 1 | 1 | 0 | 3 | 2 | 0 | 0 | 0 | 0 | 0 | 0 | 0 | 1 | 0 | 0 | 2 | 3 | 6 | 9 | 5 | 4 | 7 | 4 | 1 | 2 | 2 | 0 | 1 | 0 | 1 | 1 | 0 |
 123 | Chang, Tzu-Ching | COLUMBIA UNIVERSITY | 2004 | None | 5 | 3 | 2015 | 9 | 30 | 2017 | 0 | 0 | 2 | 1 | 0 | 2 | 0 | 0 | 0 | 1 | 0 | 1 | 0 | 0 | 0 | 0 | 1 | 0 | 1 | 1 | 3 | 2 | 0 | 2 | 0 | 0 | 3 | 1 | 2 | 3 | 2 | 0 | 6 | 0 | 8 | 4 |
 124 | Wilhite, Brian C. | The University of Chicago, Illinois, USA | 2004 | male | 1 | 4 | 2008 | 7 | 12 | 2009 | 0 | 0 | 0 | 0 | 0 | 1 | 1 | 1 | 1 | 1 | 0 | 0 | 0 | 0 | 0 | 0 | 0 | 0 | 1 | 0 | 0 | 2 | 1 | 3 | 2 | 3 | 4 | 2 | 1 | 0 | 0 | 0 | 0 | 0 | 0 | 0 |
 129 | Mamajek, Eric E. | Steward Observatory, The University of Arizona, Tucson, AZ, USA | 2004 | male | 7 | 13 | 2015 | 18 | 104 | 2017 | 2 | 2 | 0 | 1 | 0 | 2 | 1 | 2 | 1 | 2 | 0 | 2 | 0 | 2 | 1 | 1 | 1 | 0 | 2 | 2 | 3 | 3 | 5 | 3 | 6 | 8 | 8 | 7 | 7 | 11 | 7 | 8 | 7 | 10 | 13 | 7 |
 135 | Barkats, Denis | PRINCETON UNIVERSITY | 2004 | male | 2 | 3 | 2014 | 5 | 28 | 2017 | 0 | 0 | 0 | 0 | 1 | 1 | 2 | 0 | 0 | 0 | 0 | 0 | 0 | 0 | 0 | 1 | 0 | 0 | 0 | 0 | 1 | 1 | 2 | 1 | 2 | 0 | 0 | 1 | 0 | 2 | 1 | 1 | 1 | 4 | 10 | 5 |
 141 | Fortney, Jonathan James | THE UNIVERSITY OF ARIZONA | 2004 | male | 4 | 21 | 2016 | 8 | 231 | 2017 | 0 | 0 | 0 | 0 | 2 | 2 | 3 | 2 | 5 | 2 | 1 | 3 | 2 | 1 | 1 | 0 | 0 | 1 | 0 | 0 | 1 | 0 | 3 | 4 | 3 | 4 | 8 | 4 | 7 | 16 | 26 | 24 | 36 | 39 | 24 | 30 |
 148 | Santos, Michael Robert | California Institute of Technology | 2004 | male | 4 | 2 | 2015 | 7 | 21 | 2015 | 0 | 0 | 0 | 1 | 0 | 3 | 0 | 0 | 0 | 0 | 0 | 0 | 0 | 0 | 0 | 0 | 2 | 0 | 0 | 0 | 2 | 1 | 0 | 4 | 2 | 0 | 1 | 2 | 0 | 0 | 0 | 0 | 0 | 0 | 16 | 0 |
 150 | Johnston, David E. | THE UNIVERSITY OF CHICAGO | 2004 | male | 2 | 2 | 2007 | 32 | 54 | 2014 | 0 | 0 | 0 | 0 | 1 | 1 | 0 | 1 | 1 | 0 | 0 | 0 | 0 | 0 | 0 | 0 | 0 | 0 | 1 | 2 | 3 | 8 | 6 | 12 | 5 | 9 | 8 | 6 | 9 | 7 | 2 | 6 | 0 | 2 | 0 | 0 |
 151 | Scalzo, Richard Allen | THE UNIVERSITY OF CHICAGO | 2004 | male | 3 | 5 | 2014 | 15 | 59 | 2016 | 0 | 0 | 0 | 0 | 1 | 2 | 0 | 0 | 0 | 0 | 0 | 1 | 0 | 1 | 0 | 3 | 0 | 0 | 3 | 0 | 4 | 2 | 3 | 3 | 7 | 3 | 3 | 1 | 5 | 1 | 6 | 4 | 9 | 8 | 8 | 4 |
 156 | Dursi, Jonathan | THE UNIVERSITY OF CHICAGO | 2004 | male | 1 | 0 | 2004 | 1 | 0 | 2004 | 0 | 0 | 0 | 0 | 0 | 1 | 0 | 0 | 0 | 0 | 0 | 0 | 0 | 0 | 0 | 0 | 0 | 0 | 0 | 0 | 0 | 0 | 0 | 1 | 0 | 0 | 0 | 0 | 0 | 0 | 0 | 0 | 0 | 0 | 0 | 0 |
 157 | Kovac, John M. | THE UNIVERSITY OF CHICAGO | 2004 | male | 2 | 0 | 2004 | 17 | 34 | 2016 | 0 | 0 | 0 | 1 | 0 | 1 | 0 | 0 | 0 | 0 | 0 | 0 | 0 | 0 | 0 | 0 | 0 | 0 | 1 | 2 | 0 | 5 | 6 | 3 | 1 | 0 | 0 | 1 | 6 | 5 | 2 | 2 | 1 | 4 | 8 | 4 |
 159 | Ding, Jie | The Pennsylvania State University, Pennsylvania, USA | 2004 | male | 4 | 8 | 2016 | 7 | 17 | 2016 | 1 | 0 | 0 | 0 | 2 | 1 | 1 | 2 | 0 | 1 | 0 | 1 | 1 | 0 | 1 | 0 | 0 | 1 | 1 | 0 | 0 | 0 | 4 | 2 | 2 | 2 | 0 | 1 | 2 | 1 | 1 | 0 | 2 | 2 | 2 | 2 |
 165 | Dawson, Kyle Stewart | University of California, Berkeley, California, USA | 2004 | male | 3 | 6 | 2016 | 5 | 101 | 2017 | 0 | 0 | 1 | 1 | 0 | 1 | 0 | 1 | 0 | 1 | 2 | 0 | 0 | 0 | 1 | 0 | 0 | 1 | 0 | 0 | 2 | 1 | 1 | 1 | 0 | 3 | 4 | 4 | 10 | 4 | 6 | 13 | 10 | 10 | 15 | 19 |
 166 | Bradley, Larry Daniel | THE JOHNS HOPKINS UNIVERSITY | 2004 | male | 2 | 4 | 2014 | 4 | 96 | 2017 | 0 | 0 | 0 | 0 | 0 | 2 | 0 | 0 | 0 | 1 | 0 | 0 | 0 | 2 | 0 | 1 | 0 | 0 | 0 | 0 | 0 | 0 | 1 | 3 | 7 | 5 | 2 | 2 | 8 | 12 | 6 | 11 | 11 | 17 | 9 | 5 |
 167 | Loh, Yeong-Shang | PRINCETON UNIVERSITY | 2004 | male | 1 | 3 | 2010 | 5 | 8 | 2010 | 0 | 0 | 0 | 0 | 0 | 1 | 0 | 1 | 0 | 1 | 0 | 1 | 0 | 0 | 0 | 0 | 0 | 0 | 0 | 0 | 0 | 0 | 2 | 3 | 2 | 1 | 1 | 3 | 0 | 1 | 0 | 0 | 0 | 0 | 0 | 0 |
 168 | Pindor, Bartosz Jacek | PRINCETON UNIVERSITY | 2004 | male | 1 | 1 | 2011 | 12 | 43 | 2017 | 0 | 0 | 0 | 0 | 0 | 1 | 0 | 0 | 0 | 0 | 0 | 0 | 1 | 0 | 0 | 0 | 0 | 0 | 0 | 1 | 0 | 0 | 6 | 5 | 4 | 4 | 0 | 2 | 0 | 0 | 3 | 0 | 2 | 6 | 10 | 10 |
 169 | Ford, Kathleen Elaine Saavik | THE JOHNS HOPKINS UNIVERSITY | 2004 | female | 3 | 1 | 2014 | 4 | 13 | 2016 | 0 | 0 | 0 | 0 | 1 | 2 | 0 | 0 | 0 | 0 | 0 | 0 | 0 | 0 | 0 | 1 | 0 | 0 | 0 | 0 | 1 | 0 | 1 | 2 | 0 | 0 | 0 | 0 | 1 | 2 | 2 | 1 | 1 | 3 | 1 | 2 |
 170 | Oliveira, Cristina Merces | THE JOHNS HOPKINS UNIVERSITY | 2004 | female | 2 | 6 | 2014 | 9 | 17 | 2014 | 0 | 0 | 0 | 0 | 1 | 1 | 1 | 2 | 1 | 1 | 0 | 0 | 0 | 0 | 0 | 1 | 0 | 0 | 0 | 1 | 0 | 5 | 2 | 1 | 3 | 3 | 2 | 2 | 4 | 1 | 1 | 0 | 0 | 1 | 0 | 0 |
 172 | Hao, Lei | PRINCETON UNIVERSITY | 2004 | male | 2 | 6 | 2009 | 15 | 52 | 2017 | 0 | 0 | 0 | 0 | 0 | 2 | 4 | 0 | 1 | 0 | 1 | 0 | 0 | 0 | 0 | 0 | 0 | 0 | 0 | 1 | 0 | 1 | 6 | 7 | 7 | 8 | 9 | 1 | 3 | 0 | 4 | 0 | 1 | 4 | 3 | 10 |
 173 | Seibert, Mark Harry | THE JOHNS HOPKINS UNIVERSITY | 2004 | male | 3 | 2 | 2005 | 8 | 179 | 2017 | 0 | 0 | 1 | 1 | 0 | 1 | 2 | 0 | 0 | 0 | 0 | 0 | 0 | 0 | 0 | 0 | 0 | 0 | 1 | 0 | 1 | 2 | 2 | 2 | 24 | 10 | 35 | 4 | 13 | 9 | 20 | 17 | 12 | 11 | 8 | 12 |
 174 | Strateva, Iskra V. | PRINCETON UNIVERSITY | 2004 | female | 4 | 5 | 2009 | 12 | 10 | 2016 | 0 | 0 | 1 | 0 | 1 | 2 | 2 | 1 | 0 | 1 | 1 | 0 | 0 | 0 | 0 | 0 | 0 | 0 | 0 | 0 | 4 | 2 | 4 | 2 | 4 | 2 | 0 | 1 | 2 | 0 | 0 | 0 | 0 | 0 | 0 | 1 |
 178 | Smith, Kenneth L. | THE PENNSYLVANIA STATE UNIVERSITY | 2004 | male | 3 | 4 | 2014 | 9 | 74 | 2017 | 0 | 0 | 1 | 0 | 1 | 1 | 1 | 0 | 0 | 0 | 0 | 1 | 0 | 1 | 0 | 1 | 0 | 0 | 0 | 0 | 1 | 0 | 3 | 5 | 2 | 0 | 0 | 3 | 3 | 6 | 4 | 6 | 12 | 15 | 15 | 5 |
 179 | Cox, Thomas J. | University of California, nta Cruz, California, USA | 2004 | male | 2 | 5 | 2008 | 2 | 99 | 2014 | 0 | 0 | 0 | 0 | 0 | 2 | 0 | 3 | 0 | 2 | 0 | 0 | 0 | 0 | 0 | 0 | 0 | 0 | 0 | 0 | 0 | 0 | 0 | 2 | 5 | 17 | 9 | 23 | 12 | 14 | 7 | 7 | 4 | 1 | 0 | 0 |
 185 | Robinson, Sean M. | UNIVERSITY OF WASHINGTON | 2004 | male | 1 | 0 | 2004 | 1 | 5 | 2017 | 0 | 0 | 0 | 0 | 0 | 1 | 0 | 0 | 0 | 0 | 0 | 0 | 0 | 0 | 0 | 0 | 0 | 0 | 0 | 0 | 0 | 0 | 0 | 1 | 0 | 0 | 1 | 0 | 3 | 0 | 0 | 0 | 0 | 0 | 0 | 0 |
 187 | Kaplan, David L. | California Institute of Technology | 2004 | male | 14 | 29 | 2016 | 19 | 150 | 2017 | 0 | 2 | 2 | 5 | 2 | 3 | 3 | 3 | 2 | 2 | 5 | 1 | 3 | 2 | 1 | 3 | 2 | 2 | 1 | 2 | 2 | 5 | 3 | 6 | 5 | 7 | 10 | 4 | 6 | 5 | 7 | 10 | 14 | 15 | 27 | 32 |
 191 | Lidz, Adam | COLUMBIA UNIVERSITY | 2004 | male | 2 | 13 | 2016 | 4 | 45 | 2017 | 0 | 0 | 0 | 1 | 0 | 1 | 0 | 3 | 2 | 1 | 1 | 1 | 1 | 0 | 1 | 1 | 0 | 2 | 0 | 0 | 0 | 1 | 1 | 2 | 0 | 4 | 8 | 8 | 3 | 2 | 3 | 3 | 3 | 3 | 3 | 3 |
 193 | Lufkin, Graeme | UNIVERSITY OF WASHINGTON | 2004 | male | 2 | 1 | 2006 | 2 | 3 | 2009 | 0 | 0 | 0 | 0 | 0 | 2 | 0 | 1 | 0 | 0 | 0 | 0 | 0 | 0 | 0 | 0 | 0 | 0 | 0 | 0 | 0 | 0 | 0 | 2 | 0 | 1 | 1 | 0 | 1 | 0 | 0 | 0 | 0 | 0 | 0 | 0 |
 194 | Mirabal, Nestor Rafael | COLUMBIA UNIVERSITY | 2004 | male | 6 | 13 | 2016 | 16 | 53 | 2017 | 0 | 1 | 1 | 1 | 2 | 1 | 1 | 1 | 1 | 0 | 1 | 4 | 0 | 1 | 3 | 0 | 0 | 1 | 0 | 2 | 3 | 5 | 3 | 3 | 2 | 2 | 6 | 3 | 1 | 6 | 1 | 1 | 9 | 1 | 5 | 11 |
 196 | Turnbull, Margaret Carol | The University of Arizona, Arizona, USA | 2004 | female | 4 | 3 | 2012 | 5 | 11 | 2017 | 0 | 0 | 0 | 0 | 2 | 2 | 0 | 1 | 0 | 1 | 0 | 0 | 0 | 1 | 0 | 0 | 0 | 0 | 0 | 0 | 1 | 0 | 2 | 2 | 0 | 3 | 2 | 1 | 0 | 1 | 0 | 1 | 0 | 2 | 0 | 0 |
 203 | Howell, Justin H. | University of California, nta Cruz, California, USA | 2004 | male | 4 | 4 | 2010 | 5 | 39 | 2017 | 0 | 2 | 0 | 0 | 0 | 2 | 1 | 1 | 1 | 0 | 0 | 1 | 0 | 0 | 0 | 0 | 0 | 0 | 0 | 3 | 0 | 0 | 0 | 2 | 1 | 2 | 2 | 1 | 3 | 4 | 8 | 3 | 6 | 4 | 1 | 2 |
 204 | Laws, Christopher S. | University of Washington, Washington, USA | 2004 | male | 1 | 0 | 2004 | 2 | 3 | 2008 | 0 | 0 | 0 | 0 | 0 | 1 | 0 | 0 | 0 | 0 | 0 | 0 | 0 | 0 | 0 | 0 | 0 | 0 | 0 | 0 | 0 | 1 | 0 | 1 | 0 | 2 | 0 | 1 | 0 | 0 | 0 | 0 | 0 | 0 | 0 | 0 |
 206 | Huang, Xianglei | California Institute of Technology, California, USA | 2004 | male | 6 | 9 | 2017 | 23 | 45 | 2017 | 0 | 1 | 1 | 1 | 2 | 1 | 1 | 0 | 1 | 1 | 2 | 0 | 0 | 0 | 2 | 1 | 0 | 0 | 1 | 6 | 4 | 1 | 6 | 5 | 2 | 3 | 5 | 5 | 6 | 1 | 3 | 3 | 3 | 4 | 4 | 5 |
 209 | Christlein, Daniel | The University of Arizona, Arizona, USA | 2004 | male | 7 | 5 | 2010 | 9 | 16 | 2011 | 0 | 1 | 0 | 0 | 2 | 4 | 1 | 0 | 1 | 1 | 1 | 1 | 0 | 0 | 0 | 0 | 0 | 0 | 0 | 2 | 1 | 0 | 2 | 4 | 1 | 1 | 5 | 1 | 4 | 3 | 1 | 0 | 0 | 0 | 0 | 0 |
 210 | Moise, Elena | The University of Arizona, Arizona, USA | 2004 | female | 1 | 1 | 2010 | 1 | 3 | 2012 | 0 | 0 | 0 | 0 | 0 | 1 | 0 | 0 | 0 | 0 | 0 | 1 | 0 | 0 | 0 | 0 | 0 | 0 | 0 | 0 | 0 | 0 | 0 | 1 | 0 | 0 | 1 | 0 | 0 | 1 | 0 | 1 | 0 | 0 | 0 | 0 |
 215 | Eatchel, Andrew Lynn | The University of Arizona, Arizona, USA | 2004 | male | 1 | 0 | 2004 | 1 | 0 | 2004 | 0 | 0 | 0 | 0 | 0 | 1 | 0 | 0 | 0 | 0 | 0 | 0 | 0 | 0 | 0 | 0 | 0 | 0 | 0 | 0 | 0 | 0 | 0 | 1 | 0 | 0 | 0 | 0 | 0 | 0 | 0 | 0 | 0 | 0 | 0 | 0 |
 216 | Fegan, Stephen | The University of Arizona, Arizona, USA | 2004 | male | 2 | 4 | 2008 | 34 | 270 | 2017 | 0 | 0 | 0 | 0 | 1 | 1 | 2 | 0 | 0 | 2 | 0 | 0 | 0 | 0 | 0 | 0 | 0 | 0 | 2 | 1 | 1 | 3 | 20 | 7 | 6 | 5 | 5 | 11 | 35 | 58 | 33 | 38 | 21 | 19 | 21 | 12 |
 219 | Orrell, John Laurence | UNIVERSITY OF WASHINGTON | 2004 | male | 1 | 0 | 2004 | 5 | 11 | 2017 | 0 | 0 | 0 | 0 | 0 | 1 | 0 | 0 | 0 | 0 | 0 | 0 | 0 | 0 | 0 | 0 | 0 | 0 | 0 | 0 | 1 | 2 | 0 | 2 | 2 | 0 | 1 | 1 | 1 | 0 | 2 | 0 | 2 | 0 | 1 | 0 |
 223 | Desai, Vandana | UNIVERSITY OF WASHINGTON | 2004 | female | 3 | 6 | 2011 | 9 | 54 | 2017 | 0 | 0 | 0 | 0 | 0 | 3 | 0 | 1 | 2 | 1 | 1 | 0 | 1 | 0 | 0 | 0 | 0 | 0 | 1 | 4 | 0 | 0 | 1 | 3 | 1 | 5 | 7 | 7 | 11 | 5 | 5 | 5 | 2 | 1 | 1 | 3 |
 224 | Tiscareno, Matthew Steven | The University of Arizona, Arizona, USA | 2004 | male | 3 | 15 | 2016 | 4 | 41 | 2017 | 0 | 0 | 0 | 0 | 2 | 1 | 0 | 2 | 1 | 1 | 3 | 3 | 0 | 0 | 4 | 0 | 0 | 1 | 0 | 0 | 0 | 0 | 3 | 1 | 4 | 2 | 3 | 1 | 8 | 6 | 1 | 1 | 5 | 2 | 2 | 5 |
 232 | Okamoto, Takemi | The University of Chicago, Illinois, USA | 2004 | male | 5 | 2 | 2009 | 8 | 17 | 2015 | 0 | 0 | 0 | 2 | 1 | 2 | 0 | 0 | 1 | 0 | 1 | 0 | 0 | 0 | 0 | 0 | 0 | 0 | 0 | 1 | 0 | 3 | 1 | 3 | 0 | 1 | 1 | 1 | 2 | 3 | 0 | 4 | 2 | 2 | 1 | 0 |
 234 | Adamkovics, Mate | University of California, Berkeley, California, USA | 2004 | male | 1 | 0 | 2004 | 4 | 38 | 2017 | 0 | 0 | 0 | 0 | 0 | 1 | 0 | 0 | 0 | 0 | 0 | 0 | 0 | 0 | 0 | 0 | 0 | 0 | 0 | 0 | 0 | 0 | 2 | 2 | 1 | 4 | 1 | 1 | 3 | 4 | 4 | 2 | 2 | 4 | 2 | 7 |
 235 | Udomprasert, Patricia Simcoe | California Institute of Technology, California, USA | 2004 | female | 2 | 0 | 2004 | 9 | 1 | 2005 | 0 | 0 | 0 | 0 | 0 | 2 | 0 | 0 | 0 | 0 | 0 | 0 | 0 | 0 | 0 | 0 | 0 | 0 | 1 | 0 | 1 | 1 | 3 | 3 | 1 | 0 | 0 | 0 | 0 | 0 | 0 | 0 | 0 | 0 | 0 | 0 |
 248 | Peng, Chien Yi | The University of Arizona, Arizona, USA | 2004 | male | 5 | 7 | 2017 | 26 | 59 | 2017 | 1 | 0 | 0 | 2 | 0 | 2 | 0 | 3 | 1 | 1 | 0 | 1 | 0 | 0 | 0 | 0 | 0 | 0 | 6 | 5 | 5 | 2 | 1 | 7 | 5 | 7 | 3 | 8 | 9 | 6 | 3 | 4 | 6 | 2 | 1 | 4 |
 251 | Jonsson, Patrik | University of California, nta Cruz, California, USA | 2004 | male | 1 | 4 | 2010 | 3 | 48 | 2017 | 0 | 0 | 0 | 0 | 0 | 1 | 0 | 2 | 0 | 0 | 0 | 2 | 0 | 0 | 0 | 0 | 0 | 0 | 1 | 0 | 0 | 0 | 0 | 2 | 0 | 4 | 1 | 5 | 4 | 10 | 4 | 2 | 7 | 1 | 2 | 4 |
 252 | Kargaltsev, Oleg | The Pennsylvania State University | 2004 | male | 4 | 18 | 2015 | 7 | 66 | 2017 | 0 | 0 | 0 | 1 | 1 | 2 | 1 | 2 | 4 | 1 | 2 | 1 | 0 | 4 | 0 | 2 | 1 | 0 | 0 | 0 | 1 | 1 | 3 | 2 | 3 | 3 | 5 | 3 | 4 | 3 | 7 | 9 | 3 | 8 | 5 | 7 |
 257 | Lanagan, Peter Denham | The University of Arizona, Arizona, USA | 2004 | male | 2 | 0 | 2004 | 2 | 3 | 2009 | 0 | 0 | 1 | 0 | 0 | 1 | 0 | 0 | 0 | 0 | 0 | 0 | 0 | 0 | 0 | 0 | 0 | 0 | 0 | 0 | 1 | 0 | 0 | 1 | 1 | 0 | 0 | 1 | 1 | 0 | 0 | 0 | 0 | 0 | 0 | 0 |
 273 | Willis, Joshua Lee | The Pennsylvania State University, Pennsylvania, USA | 2004 | male | 1 | 0 | 2004 | 4 | 75 | 2017 | 0 | 0 | 0 | 0 | 0 | 1 | 0 | 0 | 0 | 0 | 0 | 0 | 0 | 0 | 0 | 0 | 0 | 0 | 0 | 0 | 0 | 0 | 1 | 3 | 1 | 1 | 1 | 1 | 1 | 1 | 1 | 2 | 2 | 16 | 6 | 31 |
 279 | Hunt, Matthew Philip | California Institute of Technology, California, USA | 2004 | male | 2 | 0 | 2004 | 10 | 3 | 2017 | 0 | 0 | 0 | 0 | 0 | 2 | 0 | 0 | 0 | 0 | 0 | 0 | 0 | 0 | 0 | 0 | 0 | 0 | 0 | 0 | 1 | 3 | 1 | 5 | 0 | 0 | 0 | 0 | 0 | 1 | 0 | 0 | 0 | 0 | 1 | 0 |
 281 | Kelly, Bernard J. | The Pennsylvania State University, Pennsylvania, USA | 2004 | male | 2 | 4 | 2013 | 4 | 29 | 2014 | 0 | 0 | 1 | 0 | 0 | 1 | 0 | 0 | 1 | 0 | 0 | 1 | 1 | 0 | 1 | 0 | 0 | 0 | 0 | 0 | 1 | 0 | 0 | 3 | 1 | 1 | 6 | 4 | 4 | 8 | 2 | 0 | 2 | 1 | 0 | 0 |
 288 | Edgington, Samantha F. | California Institute of Technology, California, USA | 2004 | female | 1 | 0 | 2004 | 3 | 11 | 2014 | 0 | 0 | 0 | 0 | 0 | 1 | 0 | 0 | 0 | 0 | 0 | 0 | 0 | 0 | 0 | 0 | 0 | 0 | 0 | 0 | 0 | 1 | 0 | 2 | 4 | 0 | 1 | 0 | 3 | 1 | 0 | 0 | 1 | 1 | 0 | 0 |
 295 | Berger, Edo | California Institute of Technology | 2004 | male | 14 | 28 | 2014 | 47 | 180 | 2017 | 0 | 1 | 3 | 3 | 5 | 2 | 4 | 2 | 5 | 2 | 4 | 2 | 2 | 2 | 3 | 2 | 0 | 0 | 0 | 3 | 7 | 11 | 18 | 8 | 9 | 12 | 12 | 10 | 7 | 14 | 15 | 12 | 27 | 16 | 16 | 23 |
