-|-|2014|-|4|Cleghorn, Timothy Fuller|Cleghorn, Timothy
USA|R1|2013|Center for Radiophysics and Space Research, Cornell University, Ithaca, NY 14853, USA|1|Veverka, Joseph Frank|Veverka, J.
USA|F|2013|Jet Propulsion Laboratory, MS 301-150, 4800 Oak Grove Drive, Pasadena, CA 91109, USA|2|Yeomans, Donald Keith|Yeomans, D. K.
USA|R1|2014|Department of Physics and Astronomy, Georgia State University, Atlanta, GA 30303-3083, USA|2|Miller, Hugh Richard|Miller, H. Richard
USA|R1|2016|Laboratory for Atmospheric and Space Physics, Boulder, CO, USA|0|Craft, James Winslow|Craft, J.
USA|R1|2017|Astronomy Department and Theoretical Astrophysics Center, University of California, Berkeley, Berkeley, CA, USA|0|Arons, Johnathon|Arons, J.
USA|R1|2017|Department of Astronomy, University of Wisconsin-Madison, 475 N. Charter street, Madison, WI, 53706, USA|0|Churchwell, Edward Bruce|Churchwell, E.
USA|R2|2017|Geophysical Institute, University of Alaska Fairbanks, Fairbanks, Alaska USA|0|Dennis, Tom Ross|Dennis, T.
USA|F|2017|Jet Propulsion Laboratory, California Institute of Technology, 4800 Oak Grove Dr. Pasadena, California 91109 USA; Division of Geological and Planetary Sciences, California Institute of Technology, Mail Code 170-25, 1200 E. California Blvd. Pasadena, California 91125 USA|0|Papanastassiou, Dimitri Anastassios|Papanastassiou, Dimitri A.
USA|F|2017|NASA Goddard Space Flight Center, Greenbelt, MD 20771, USA|0|Sweigart, Allen Victor|Sweigart, A. V.
USA|R2|2018|Anton Pannekoek Institute for Astronomy, University of Amsterdam, Science Park 904, NL-1098 XH Amsterdam, the Netherlands; Physics Department, University of Vermont, Burlington, VT 05405, USA|0|Rankin, John Metcalf|Rankin, J. M.
USA|R1|2018|Center for Astrophysics and Space Sciences, University of California, San Diego, La Jolla, USA|0|Jackson, Bernard Vernon|Jackson, B. V.
USA|R1|2018|Columbia University, New York, NY 10027, USA|0|Boozer, Allen Hayne, Jr.|Boozer, Allen H.
USA|R2|2018|Department of Astronomy, San Diego State University, San Diego, CA 92182, USA|0|Angione, Ronald James|Angione, Ronald J.
USA|R2|2018|Department of Astrophysics and Planetary Science, Villanova University, Villanova, PA, USA|0|Guinan, Edward Francis|Guinan, E. F.
USA|R1|2018|Department of Geosciences, Pennsylvania State University, University Park, USA|0|Jones, Harrison Price|Jones, H.
USA|R2|2018|Department of Mathematical Sciences, Montclair State University, Montclair, NJ USA|0|West, Mary Louise|West, M. L.
USA|L|2018|Department of Physics &amp; Astronomy, Agnes Scott College, 141 East College Avenue, Decatur, GA 30030, USA|0|Bates, John Raphael|Bates, J.
USA|R1|2018|Department of Physics and Astronomy and CIERA, Northwestern University, 2145 Sheridan Road, Evanston, IL 60208-3112, USA|0|Ulmer, Melville Paul|Ulmer, M. P.
USA|R1|2018|Department of Physics and Astronomy, Johns Hopkins University, Baltimore, MD 21218, USA|0|Ford, Holland Cole|Ford, Holland
USA|L|2018|Department of Physics, University of Richmond 28 Westhampton Way, Richmond, VA 23173, USA|0|Jones, Eric Manning|Jones, E.
USA|D|2018|Institute for Astronomy, University of Hawaii, 640 North A‘ohōkū Place, Hilo, HI 96720, USA|0|Hall, Donald Norman Blake|Hall, Donald N. B.
USA|F|2018|Lawrence Livermore National Laboratory, Livermore, CA, USA|0|Brown, George Wayne|Brown, G.
USA|F|2018|Lockheed Martin Space Systems, Littleton, CO, USA|0|Hughes, Michael Paul|Hughes, M.
USA|F|2018|NASA Goddard Space Flight Center, Greenbelt, MD 20771, USA|0|von Rosenvinge, Tycho Tor|von Rosenvinge, T. T.
USA|R1|2018|Physics and Astronomy Departments, University of California at Berkeley, Berkeley, CA 94720, USA|0|McKee, Christopher Fulton|McKee, Christopher F.
USA|R1|2019|Caltech CaRT, Pasadena, CA 91125, USA|0|Chen, Yud-Ren|Chen, Y.
USA|R1|2019|Center for Astrophysics Harvard &amp; Smithsonian, 60 Garden Street, Cambridge, MA 02138, USA|0|Latham, David Winstow|Latham, D. W.
USA|R2|2019|Center for Atmospheric Sciences, Hampton University, Hampton, VA USA|0|Russell, James Madison, III|Russell, James M.
USA|R1|2019|Department of Astronomy, University of Michigan, 500 Church Street, Ann Arbor, MI 48109, USA|1|Johnson, Torrence Vaino|Johnson, T.
USA|R1|2019|Department of Physics and Astronomy, Frederick Reines Hall, University of California, Irvine, CA 92697, USA|0|Cooper, Melvin Lee|Cooper, M.
USA|R1|2019|Department of Physics and the Institute for Physical Science and Technology, University of Maryland, College Park, MD USA|0|Drake, Jerry Francis|Drake, J. F.
USA|R1|2019|Laboratory for Atmospheric and Space Physics, University of Colorado Boulder, Boulder, CO USA|0|Ajello, Joseph Michael|Ajello, J. M.
USA|R1|2019|Minnesota Institute for Astrophysics, 116 Church Street SE, University of Minnesota, Minneapolis, MN 55455, USA|0|Davidson, Kris David|Davidson, Kris
USA|F|2019|NASA Goddard Space Flight Center, Greenbelt, MD 20771, USA ; University of Maryland Baltimore County, Baltimore, MD 21250, USA|0|Goldstein, Melvyn Lee|Goldstein, Melvyn L.
USA|F|2019|NASA Goddard Space Flight Center, Greenbelt, MD 20771, USA|0|Price, Stephan Donald|Price, S.
USA|F|2019|SETI Institute, 189 Bernardo Avenue, Mountain View, CA 94043, USA|1|Simpson, Janet Pagdin|Simpson, Janet P.
USA|F|2019|Space Telescope Science Institute, 3700 San Martin Drive, Baltimore, MD 21218, USA|0|Bohlin, Ralph Charles|Bohlin, Ralph C.
USA|F|2019|Space Telescope Science Institute, 3800 San Martin Drive, Baltimore, MD 21218, USA|0|Anderson, James Gilbert|Anderson, J.
USA|R1|2019|The University of Virginia, Charlottesville, VA 22904-4325, USA|0|O'Connell, Robert West|O'Connell, Robert
USA|R1|2019|University of California, Berkeley, Space Sciences Laboratory, 7 Gauss Way, Berkeley, CA 94720-7450, USA|0|Hurley, Kevin Christopher|Hurley, K.
non-USA|-|2016|Department of Astronomy and Astrophysics, University of Toronto, 50 St. George Street, Toronto, Ontario, M5S 3H4, Canada|0|Bolton, Charles Thomas|Bolton, C. T.
non-USA|-|2016|Physikalisches Institut, University of Bonn, Bonn, Germany|0|Davey, William Robert|Davey, W.
non-USA|-|2017|IRAM - Institut de RadioAstronomie Millimétrique, 300 rue de la Piscine, 38406 Saint Martin d', Hères, France|0|Downes, Dennis|Downes, D.
non-USA|-|2017|Institute of Astronomy, University of Cambridge, Cambridge, UK|0|Murdin, Paul Geoffrey|Murdin, Paul
non-USA|-|2017|Instituto de Ciencias Nucleares, Universidad Nacional Autónoma de México, A. Postal 70-543 México, D.F., México|0|Ryan, Michael Patrick, Jr.|Ryan, Michael P.
non-USA|-|2017|School of Physical Sciences, Private Bag 37, University of Tasmania, Hobart, TAS, 7001, Australia|0|Brown, Carl S.|Brown, C.
non-USA|-|2017|Space Astronomy Group, ISRO Satellite Centre, Bangalore, India|0|Kumar, Cidambi Krishna|Agarwal, Vivek Kumar
non-USA|-|2018|Département de physique, Université de Montréal, Montréal, Québec H3C 3J7, Canada|0|Michaud, Georges|Michaud, G.
non-USA|-|2018|ESA/ESAC, ES-28691, Urb. Villafranca del Castillo, Madrid, Spain|0|Andres, Richard Mattias|Andres, R.
non-USA|-|2018|European Southern Observatory, Avenida Alonso de Córdova 3107, Vitacura, 19001, Casilla, Santiago de Chile, Chile|0|Thomas, Roger Jerry|Thomas, R.
non-USA|-|2018|Key Laboratory of Particle Astrophysics, Institute of High Energy Physics, Chinese Academy of Sciences, Beijing 100049, People's Republic of China|0|Wu, Mao-Fou|Wu, B. B.
non-USA|-|2018|School of Earth and Space Sciences, Peking University, Beijing, China|1|Wu, Thomas Kong|Wu, T.
non-USA|-|2018|School of Physics and Astronomy, University of Leeds, Leeds, LS2 9JT, UK|1|Johnston, Kenneth John|Johnston, K.
non-USA|-|2019|ASTRON, the Netherlands Institute for Radio Astronomy, Postbus 2, NL-7990 AA Dwingeloo, The Netherlands|0|Broderick, John|Broderick, J. W.
non-USA|-|2019|ICRAR, M468, University of Western Australia, 35 Stirling Hwy, Crawley, WA 6009, Australia|0|Lagos, Cirilo Pablo|Lagos, C.
non-USA|-|2019|INAF-Istituto di Astrofisica Spaziale e Fisica Cosmica di Milano, Via A. Corti 12, 20133, Milano, Italy|0|Esposito, Pasquale Bernard|Esposito, P.
non-USA|-|2019|Instituto de Física y Astronomía, Universidad de Valparaíso, Avda. Gran Bretaña 1111, Valparaíso, Chile; CASSACA, National Astronomical Observatories, Chinese Academy of Sciences, Beijing 100012, China|0|Cheng, Chung-Chieh|Cheng, C.
non-USA|-|2019|Kapteyn Astronomical Institute, P.O. Box 800, NL-9700 AV Groningen, the Netherlands|0|Sanders, Robert Hugh|Sanders, R. H.
non-USA|-|2019|Laboratoire Leprince-Ringuet, École polytechnique, CNRS/IN2P3, F-91128 Palaiseau, France|0|Horan, Donald Martin|Horan, D.
non-USA|-|2019|RRCAT, Indore, Madhya Pradesh 452013, India|0|Raja, Shanker|Rajan, C.
