USA|F|2015|Jet Propulsion Laboratory, California Institute of Technology, 4800 Oak Grove Drive, Pasadena CA, 91109, California, USA|0|O'Dwyer, Ian J.|O'Dwyer, I. J.
USA|R2|2015|Ritter Astrophysical Research Center, University of Toledo, Toledo, OH 43606, USA|0|Vijh, U. P.|Vijh, U. P.
USA|L|2015|Saint Martin's University, Lacey, WA 98503, USA|0|Weiss, John Wilfred|Weiss, J. W.
USA|F|2016|Advanced Photon Source, Argonne National Laboratory, Argonne, IL, USA|0|Miceli, Antonino|Miceli, A.
USA|F|2016|CRESST and Astroparticle Physics Laboratory NASA/GSFC, Greenbelt, MD 20771, USA|0|Donato, Davide|Donato, Davide
USA|R1|2016|Department of Earth &amp; Planetary Sciences, Johns Hopkins University, 301 Olin Hall, 3400 N. Charles Street, Baltimore, MD 21218, USA|0|Lewis, Karen Theresa|Lewis, K.
USA|R1|2016|Department of Physics and Astronomy, The Johns Hopkins University, Baltimore, MD 21218, USA; Wolfram Research, Somerville, MA 02144, USA|0|Yip, Ching-Wa|Yip, Ching-Wa
USA|R2|2016|Department of Physics and Astronomy, University of Montana, 32 Campus Drive, No. 1080, Missoula, MT 59812, USA|0|McCrady, Nathan Todd|McCrady, N.
USA|R1|2016|Department of Physics and Astronomy, Washington State University, Pullman, Washington 98164-2814, USA; Department of Physics, University of Washington, Seattle, Washington 98195-1560, USA|0|Forbes, Michael Mcneil|Forbes, Michael McNeil
USA|R1|2016|Department of Physics, Stanford University, Stanford, California 94305, USA|0|Williams, Clemency J.|Williams, C.
USA|F|2016|Fermilab, P.O. Box 500, Batavia, IL 60510-0500, USA|0|Miknaitis, Gajus A.|Miknaitis, G.
USA|L|2016|Hamline University, Saint Paul, MN 55104, USA|1|Gold, Benjamin Mark|Gold, B.
USA|R1|2016|IPST, University of Maryland, College Park, MD 20742, USA|0|Myers, Zachary|Myers, Z.
USA|F|2016|Jet Propulsion Laboratory, California Institute of Technology, 4800 Oak Grove Dr., Pasadena, CA 91109, USA|0|Harcke, Leif J.|Harcke, Leif J.
USA|F|2016|NASA Goddard Space Flight Center, Greenbelt, Maryland 20771, USA|0|Datesman, Aaron Michael|Datesman, A. M.
USA|R1|2016|National Superconducting Cyclotron Laboratory, Michigan State University, East Lansing, Michigan 48824, USA; Department of Chemistry, Michigan State University, East Lansing, Michigan 48824, USA|0|Lewis, Rachel|Lewis, R.
USA|F|2016|Naval Research Laboratory, Code 7213, Washington, DC 20375, USA|0|Helmboldt, Joseph F.|Helmboldt, J. F.
USA|F|2016|SLAC National Accelerator Laboratory, Stanford, California, USA|0|Young, Chadwick Hayward|Young, C.
USA|R1|2017|Department of Astronomy, Boston University, 725 Commonwealth Avenue, Boston, MA 02215, USA|1|West, Andrew Alan|West, Andrew A.
USA|R1|2017|Department of Chemistry, Emory University, Atlanta, 30322, Georgia, USA|0|Widicus Weaver, Susanna Leigh|Widicus Weaver, Susanna L.
USA|L|2017|Department of Physics, Hillsdale College, Hillsdale, Michigan 49242, USA|0|Hosmer, Paul Thomas|Hosmer, P.
USA|F|2017|Lawrence Livermore National Laboratory, Livermore, CA, USA|0|Johnson, Bryan Mark|Johnson, B. M.
USA|D|2017|Math &amp; Sciences Division, Antelope Valley College, 3041 West Avenue K, Lancaster, CA 93536, USA|0|McGovern, Mark Roland|McGovern, Mark R.
USA|P|2018|Cadmus, Energy Services Division, 16 N. Carroll Street, Suite 900, Madison, WI, 53703, USA|0|Hicks, A. K.|Hicks, Amalia
USA|R1|2018|Center for Astrophysics and Space Astronomy 389-UCB, University of Colorado, Boulder, CO, 80309, USA|0|Conley, Alexander Joseph|Conley, A.
USA|R1|2018|Department of Astronomy, Yale University, 52 Hillhouse Avenue, New Haven, CT 06511, USA|0|Jurgenson, Colby A.|Jurgenson, Colby A.
USA|R1|2018|Department of Chemistry, University of Hawaii at Mânoa, Honolulu, HI 96822, USA ; W. M. Keck Laboratory in Astrochemistry, University of Hawaii at Mânoa, Honolulu, HI 96822, USA|3|Zhu, Cheng|Zhu, Cheng
USA|D|2018|Department of Physics and Astronomy, James Madison University, Harrisonburg, VA 22807, USA|0|Fukumura, Keigo|Fukumura, Keigo
USA|R1|2018|Department of Physics and Astronomy, Rice University, Houston, TX USA; Deceased 18 May 2018,|0|Daou, Antoun Georges|Daou, A. G.
USA|L|2018|Department of Physics, Hartwick College, Oneonta, NY 13820, USA|0|Troischt, Parker Wilson|Troischt, Parker
USA|R1|2018|Department of Physics, University of California Santa Barbara, Santa Barbara, California 93106, USA|0|Mazin, Benjamin A.|Mazin, Benjamin A.
USA|R1|2018|Department of Physics, University of Minnesota, Duluth, Minnesota 55812, USA|0|Vanchurin, Vitaly|Vanchurin, Vitaly
USA|F|2018|Geospace Physics Laboratory, NASA Goddard Space Flight Center, Greenbelt, MD, 20771, USA|0|Mackler, David A.|Mackler, D.
USA|R1|2018|Institute for Computational Cosmology, Department of Physics, Durham University, South Road, Durham DH1 3LE, UK; Sorbonne Universités, UPMC Univ Paris 6 et CNRS, UMR 7095, Institut d'Astrophysique de Paris, 98 bis bd Arago, F-75014 Paris, France; Department of Physics and Astronomy, The Johns Hopkins University, Baltimore, MD 21218, USA|0|Neyrinck, Mark C.|Neyrinck, Mark C.
USA|F|2018|Jet Propulsion Laboratory, California Institute of Technology, Pasadena, CA, 91109, USA|0|Naidu, Siddartha|Naidu, S. P.
USA|F|2018|Jet Propulsion Laboratory, California Institute of Technology, Pasadena, CA, USA|0|Schwartz, Colleen|Schwartz, C.
USA|F|2018|Johns Hopkins University Applied Physics Laboratory, Laurel, MD, USA|0|Bruntz, Robert Jeffrey|Bruntz, Robert
USA|F|2018|NASA Marshall Space Flight Center, ZP 13, Huntsville, AL 35812, USA|0|Cirtain, Jonathan Wesley|Cirtain, J.
USA|F|2018|Physics Division, Lawrence Berkeley National Laboratory, Berkeley, CA, USA|0|Suzuki, Jun|Suzuki, A.
USA|F|2018|SETI Institute, 189 North Bernardo Avenue, Suite 200, Mountain View, CA 94043, USA|0|Cuk, Matija|Cuk, Matija
USA|R1|2018|School of Physics and Astronomy, University of Minnesota, Minneapolis, MN, USA|0|Young, Kaisa Elizabeth|Young, K.
USA|R1|2018|Steward Observatory, University of Arizona, 933 N. Cherry Ave, Tucson, AZ 85721-0065 USA|0|Eisner, Joshua A.|Eisner, J. A.
USA|P|2019|American Association of Variable Star Observers, 49 Bay State Road, Cambridge, MA 02138, USA|0|Kafka, Styliani|Kafka, S.
USA|R1|2019|Big Bear Solar Observatory, New Jersey Institute of Technology, Big Bear City, CA 92314, USA|0|Ahn, Kyungjin|Ahn, K.
USA|R1|2019|Center for Cosmology and Astroparticle Physics, The Ohio State University, 191 West Woodruff Lane, Columbus, OH 43210, USA; Department of Physics, The Ohio State University, 191 West Woodruff Lane, Columbus, OH 43210, USA; Department of Astronomy, The Ohio State University, 140 West 18th Avenue, Columbus, OH 43210, USA|0|Hirata, Christopher Michael|Hirata, Christopher M.
USA|R1|2019|Center for Solar-Terrestrial Research, Institute of Space Weather Science, New Jersey Institute of Technology, 323 Martin Luther King Boulevard, Newark, NJ 07102, USA ; Big Bear Solar Observatory, New Jersey Institute of Technology, 40386 North Shore Lane, Big Bear, CA 92314, USA|0|Jing, Ju|Jing, Ju
USA|R2|2019|Center of Excellence in Information Systems, Tennessee State University, Nashville, TN 37209, USA; College of Life and Physical Sciences, Tennessee State University, Nashville, TN 37209, USA|0|Muterspaugh, Matthew Ward|Muterspaugh, Matthew W.
USA|L|2019|College of Charleston, Charleston, SC, USA|0|Carson, Joseph Coler|Carson, Joseph C.
USA|R1|2019|Department of Astronomy, University of Maryland, College Park, MD 20742, USA|0|Gezari, Suvi T. K.|Gezari, Suvi
USA|R1|2019|Department of Astronomy, University of Massachusetts, Amherst, MA 01003, USA|0|Gutermuth, Robert Allen|Gutermuth, Robert
# USA|R1|2019|Department of Astronomy, Yale University, New Haven, CT, USA|0|Basu, Sayandeb|Basu, S.
USA|R1|2019|Department of Computational Mathematics, Science and Engineering, Department of Physics and Astronomy, National Superconducting Cyclotron Laboratory, Michigan State University, East Lansing, MI 48823, USA|0|O'Shea, Brian William|O'Shea, Brian W.
USA|R1|2019|Department of Earth Science, University of California Santa Barbara, Santa Barbara, CA 93106, USA|0|Jackson, Miranda|Jackson, M. G.
USA|R1|2019|Department of Earth and Planetary Sciences, Johns Hopkins University, Baltimore, MD 21210, USA|0|Sing, David Kent|Sing, David K.
USA|R2|2019|Department of Geological Sciences, Brigham Young University, Provo, UT, USA|0|Radebaugh, Jani|Radebaugh, J.
USA|L|2019|Department of Physics &amp; Astronomy, College of Charleston, 66 George Street, Charleston, SC, 29424, USA; Max-Planck-Institut für Astronomie, Königstuhl 17, 69117, Heidelberg, Germany|0|Carson, Jennifer Elaine|Carson, J.
USA|R1|2019|Department of Physics &amp; Astronomy, Johns Hopkins University, Bloomberg Center, 3400 N. Charles St., Baltimore, MD 21218, USA|0|Zakamska, Nadia L.|Zakamska, Nadia L.
USA|R1|2019|Department of Physics &amp; Astronomy, Washington State University, Pullman, Washington 99164, USA|0|Duez, Matthew D.|Duez, M. D.
USA|L|2019|Department of Physics and Astronomy, Haverford College, 370 Lancaster Ave, Haverford, PA 19041, USA; Institute of Cosmology &amp; Gravitation, University of Portsmouth, Dennis Sciama Building, Portsmouth PO1 3FX, UK|0|Masters, Karen Louise|Masters, Karen
USA|R1|2019|Department of Physics and Astronomy, Mitchell Institute for Fundamental Physics and Astronomy, Texas A&amp;M University, College Station, Texas, TX-77843, USA|0|Strigari, Louis E.|Strigari, Louis E.
USA|R1|2019|Department of Physics and Astronomy, Rutgers University - The State University of New Jersey, Piscataway, NJ, USA|0|Scott, Lauren M.|Scott, L. M.
USA|R2|2019|Department of Physics and Astronomy, University of Alabama in Huntsville, Huntsville, AL 35899, USA|0|Sun, Ming|Sun, M.
USA|R1|2019|Department of Physics and Astronomy, University of California, Riverside, 900 University Avenue, Riverside, CA 92521, USA|0|Siana, Brian D.|Siana, Brian
USA|R1|2019|Department of Physics, Kavli Institute for Astrophysics and Space Research, Massachusetts Institute of Technology, Cambridge, MA 02139, USA|0|Weinberg, Nevin Nachum|Weinberg, Nevin N.
USA|R1|2019|Department of Physics, Princeton University, Princeton, NJ, USA|0|Jones, William C.|Jones, W.
USA|L|2019|Department of Physics, University of Evansville, Evansville IN 47722, USA|1|Reisetter, Angela Jean|Reisetter, A.
USA|R1|2019|Department of Physics, University of Illinois at Chicago, Chicago, Illinois 60607, USA|0|Ugalde, Claudio|Ugalde, C.
USA|R1|2019|Department of Physics, University of Wisconsin-Milwaukee, 3135 North Maryland Avenue, Milwaukee, WI 53211, USA; Center for Computational Astrophysics, Flatiron Institute, 162 Fifth Avenue, New York, NY 10010, USA|0|Chang, Philip|Chang, Philip
USA|R1|2019|Department of Physics, Yale University, New Haven, CT 06520, USA|0|Nagai, Daisuke|Nagai, D.
USA|F|2019|Goddard Space Flight Center, Maryland, USA|0|Hurford, Terry Anthony, Jr.|Hurford, T.
USA|F|2019|Harvard-Smithsonian Center for Astrophysics, 60 Garden St., Cambridge, MA 02138, USA|0|Patnaude, Daniel James|Patnaude, Daniel J.
USA|F|2019|Harvard-Smithsonian Center for Astrophysics, 60 Garden Street, Cambridge, MA 02138, USA|0|Randall, Scott William|Randall, S. W.
USA|F|2019|Harvard-Smithsonian Center for Astrophysics, 60 Garden Street, Cambridge, MA, 02138, USA|0|Meibom, Soren Christian Dalgaard|Meibom, S.
USA|F|2019|Heliophysics Science Division, NASA Goddard Space Flight Center, Greenbelt, MD USA|0|Sarantos, Menelaos|Sarantos, Menelaos
USA|R1|2019|Homer L. Dodge Department of Physics and Astronomy, University of Oklahoma, 440 W. Brooks Street, Norman, OK, 73019, USA|0|Wisniewski, J. P.|Wisniewski, J. P.
USA|F|2019|Infrared Processing Analysis Center, California Institute of Technology, 770 South Wilson Ave., Pasadena, CA 91125, USA|0|McGehee, Peregrine M.|McGehee, P.
USA|R1|2019|Kavli Institute for Astrophysics and Space Research, Massachusetts Institute of Technology, Cambridge, MA 02139, USA|0|Burke, Christopher J.|Burke, Christopher
USA|R1|2019|Kavli Institute for Cosmological Physics, University of Chicago, Chicago, IL 60637, USA; Department of Astronomy and Astrophysics, University of Chicago, Chicago, IL 60637, USA|0|Chang, Clarence Leeder|Chang, C.
USA|R1|2019|Kavli Institute for Particle Astrophysics &amp; Cosmology, Stanford University, PO Box 2450, Stanford, CA 94305, USA; SLAC National Accelerator Laboratory, Menlo Park, CA 94025, USA|0|Rykoff, Eli S.|Rykoff, E. S.
USA|R1|2019|Laboratory for Atmospheric and Space Physics, University of Colorado Boulder, Boulder, CO USA|0|Chamberlin, Phillip Clyde|Chamberlin, Phillip C.
USA|F|2019|Large Binocular Telescope Observatory, University of Arizona, AZ 85721, USA; Department of Physics and Astronomy, George Mason University, MS 3F3, 4400 University Drive, Fairfax, VA 22030, USA|0|Rothberg, Barry S.|Rothberg, Barry
USA|R1|2019|Lunar and Planetary Laboratory, University of Arizona, Tucson, AZ 85721, USA|0|Carter, Lynn Marie|Carter, Lynn M.
USA|F|2019|NASA Goddard Space Flight Center, Greenbelt, MD 20771, USA|0|Kocevski, Daniel|Kocevski, D.
USA|F|2019|NASA Goddard Space Flight Center, Greenbelt, MD 20771, USA|0|Schnittman, Jeremy David|Schnittman, Jeremy D.
USA|F|2019|NASA Goddard Space Flight Center, Greenbelt, MD USA|0|Schiff, Conrad|Schiff, C.
USA|F|2019|NASA Goddard Spaceflight Center, Greenbelt, MD USA|0|Espley, Jared R.|Espley, Jared
USA|F|2019|NASA Johnson Space Center, Houston, TX USA|0|Niles, Paul Breckenridge|Niles, Paul B.
USA|F|2019|NASA/Goddard Space Flight Center, Code 671, Greenbelt, MD 20771, USA|0|Allred, Joel C.|Allred, Joel C.
USA|R1|2019|National Superconducting Cyclotron Laboratory, Michigan State University, East Lansing, Michigan 48824, USA; JINA Center for the Evolution of the Elements, Michigan State University, East Lansing, Michigan 48824, USA|0|Montes, Fernando|Montes, F.
USA|F|2019|Observatories of the Carnegie Institution for Science, 813 Santa Barbara Street, Pasadena, CA 91101, USA|0|Simon, Joshua David|Simon, Joshua D.
USA|F|2019|Planetary Defense Coordination Office, Planetary Science Division, NASA Headquarters, 300 E St SW, Washington, DC 20546, USA|0|Fast, Kelly Elizabeth|Fast, Kelly E.
USA|F|2019|Planetary Science Institute, 1106 Chalfant St, South Bend, IN 46617, USA|0|Richardson, James Edward, Jr.|Richardson, James E.
USA|F|2019|Southwest Research Institute, Boulder, CO USA|0|Steffl, Andrew Joseph|Steffl, A.
USA|F|2019|Space Science Institute, 4750 Walnut Street, Suite 205, Boulder, CO 80301, USA|0|Peterson, Dawn E.|Peterson, Dawn
USA|F|2019|Space Telescope Science Institute, 3700 San Martin Drive, Baltimore, MD 21218, USA|0|Debes, John H., IV|Debes, John H.
USA|F|2019|Space Telescope Science Institute, 3700 San Martin Drive, Baltimore, MD 21218, USA|0|Fox, Andrew J.|Fox, Andrew J.
USA|R1|2019|Syracuse University, Syracuse, NY 13244, USA|0|Davis, Daryl C.|Davis, D.
USA|F|2019|US Naval Observatory, Flagstaff Station, P.O. Box 1149, Flagstaff, AZ 86002, USA|0|Dahm, Scott E.|Dahm, Scott E.
USA|R1|2019|University of Cincinnati, Clermont College, Batavia, OH, 45103, USA|0|Abel, Nicholas Paul|Abel, N. P.
non-USA|-|2015|National Institute for Theoretical Physics (NITheP), Bag X1 Matieland, Stellenbosch 7602, South Africa; Department of Applied Mathematics, Stellenbosch University, Stellenbosch 7602, South Africa|0|Brink, Jeandrew|Brink, Jeandrew
non-USA|-|2015|TPD, PINSTECH, Nilore, Islamabad, Pakistan; DPAM, PIEAS, Nilore, Islamabad, Pakistan|0|Hussain, Shahid|Hussain, S.
non-USA|-|2016|LERMA, Observatoire de Paris, ENS, UPMC, UCP, PSL⁎, CNRS, 5 Place Jules Janssen, F-92195 Meudon Cedex, France|0|Delahaye, Franck|Delahaye, Franck
non-USA|-|2016|McMaster University, Department of Physics and Astronomy, Hamilton, ON L8S 4M1, Canada|0|Wehner, Elizabeth Marie|Wehner, Elizabeth M. H.
non-USA|-|2016|Space Weather Services, Australian Bureau of Meteorology, Sydney, New South Wales Australia|0|Francis, Matthew Richard|Francis, M.
non-USA|-|2017|Colorado State University, U.S.A.|0|Dorofeev, Alexei V.|Dorofeev, A.
non-USA|-|2017|Computational Engineering and Science Research Centre, University of Southern Queensland, Toowoomba, QLD 4350, Australia|0|Carter, Brooke L.|Carter, B.
non-USA|-|2017|Mimar Sinan Fine Arts University, Sisli, Istanbul 34380, Turkey|0|Yuksel, Hasan|Yuksel, H.
non-USA|-|2017|School of Physics and Astronomy, Rochester Institute of Technology, Rochester, NY 14623|0|Richmond, Marvin Elliot|Richmond, M.
non-USA|-|2018|Budker Institute of Nuclear Physics SB RAS, Lavrentiev avenue 11 630090 Novosibirsk, Russia; Novosibirsk State University, Pirogov street 2, Novosibirsk 630090, Russia|0|Sokolov, Andrei|Sokolov, A.
non-USA|-|2018|Center for Astrophysics and Cosmology, University of Nova Gorica, Nova Gorica, Slovenia|3|Zaharijas, Gabrijela|Zaharijas, G.
non-USA|-|2018|Department of Applied Mathematics, University of Waterloo, 200 University Ave W, Waterloo, Ontario, N2L 3G1 Canada; Perimeter Institute for Theoretical Physics, 31 Caroline St. N., Waterloo, ON, N2L 2Y5 Canada;|0|Geshnizjani, Ghazal|Geshnizjani, Ghazal
non-USA|-|2018|Department of Physics and Astronomy, University of British Columbia, 6224 Agricultural Road, Vancouver, BC V6T 1Z1, Canada|0|Sigurdson, Kris|Sigurdson, K.
non-USA|-|2018|Department of Physics and Astronomy, Washburn University, Topeka, Kansas|0|Thomas, Brian C.|Thomas, Brian C.
non-USA|-|2018|Department of Physics, Huazhong University of Science and Technology, Wuhan 430074, People's Republic of China|0|Gong, Bin|Gong, B. P.
non-USA|-|2018|Dept. of Phys., IETP, Karlsruhe Inst. for Tech. (K.I.T.), Wolfgang-Gaedestr.1, D-76131 Karlsruhe, Germany|2|Gebauer, Iris|Gebauer, Iris
non-USA|-|2018|Institute of Space and Astronautical Science, Sagamihara, Japan|0|Nagai, Tomoyuki|Nagai, T.
non-USA|-|2018|Kapteyn Astronomical Institute, University of Groningen, Postbus 800, 9700 AV, Groningen, The Netherlands|0|McFarland, John Patrick|McFarland, J.
non-USA|-|2018|Key Laboratory of Space Astronomy and Technology, National Astronomical Observatories, Chinese Academy of Sciences, Beijing 100101, People's Republic of China|0|Xin, Lei|Xin, L. P.
non-USA|-|2018|Observatoire de Genève, Universitè de Genève, 51 Ch. des Maillettes, CH-1290 Versoix, Switzerland|0|Chisholm, James R.|Chisholm, J.
non-USA|-|2018|Sorbonne Université, Université Paris Diderot, CNRS/IN2P3, Laboratoire de Physique Nucléaire et de Hautes Énergies, 4 Place Jussieu, Paris, France|0|Bongard, Sebastien|Bongard, S.
non-USA|-|2019|ARC Center of Excellence for All-Sky Astrophysics in Three Dimensions (ASTRO-3D), Australia; Sydney Institute for Astronomy, School of Physics, A28, The University of Sydney, NSW 2006, Australia|0|Sharma, Sanjib|Sharma, Sanjib
non-USA|-|2019|ARC Centre of Excellence for All Sky Astrophysics in 3 Dimensions (ASTRO 3D); International Centre for Radio Astronomy Research, University of Western Australia, 35 Stirling Highway, Crawley, WA 6009, Australia|0|Catinella, Barbara|Catinella, Barbara
non-USA|-|2019|Astronomy Department, Beijing Normal University, Beijing 100875, China; School of Physics and Electronic Science, Guizhou Education University, Guiyang 550025, China|0|Yang, Yuxuan|Yang, Y. Y.
non-USA|-|2019|CAS Key Laboratory of Crust-Mantle Materials and Environments, School of Earth and Space Sciences, University of Science and Technology of China, Hefei 230026, PR China|0|Li, Han|Li, Han
non-USA|-|2019|Center for Cosmology and Particle Physics, New York University, New York|0|Tinker, Jeremy L.|Tinker, Jeremy
non-USA|-|2019|Center for Gravitational Physics, Yukawa Institute for Theoretical Physics, Kyoto University, 606-8502 Kyoto, Japan|0|De Felice, Antonio|De Felice, Antonio
non-USA|-|2019|Centre for Astrophysics and Supercomputing, Swinburne University of Technology, PO Box 218, Hawthorn, VIC 3122, Australia|0|Cooke, Jeffrey D.|Cooke, J.
non-USA|-|2019|Department of Astronomy and Astrophysics, Tata Institute of Fundamental Research, Homi Bhabha Road, Navy Nagar, Colaba, Mumbai 400005, India|0|Shaw, Gargi|Shaw, Gargi
non-USA|-|2019|Department of Astronomy, Beijing Normal University, 100875 Beijing, China; National Astrononomical Observatories, Chinese Academy of Sciences, 20A Datun Road, Chaoyang District, 100012 Beijing, China|0|Li, Yuexing|Li, C.
non-USA|-|2019|Department of Earth System Science, Tsinghua University, Beijing, China|0|Tian, Feng|Tian, F.
non-USA|-|2019|Department of Physics and Astronomy, Seoul National University, Seoul, Republic of Korea|0|Woo, Jong-Hak|Woo, Jong-Hak
non-USA|-|2019|Department of Physics, Engineering Physics and Astronomy Queen’s University Kingston, ON K7L 3N6, Canada ; Department of Physics and Space Science Royal Military College of Canada P.O. Box 17000, Station Forces Kingston, ON K7K 7B4, Canada|0|Spekkens, Kristine|Spekkens, Kristine
non-USA|-|2019|Department of Physics, National Central University, Jhongli District, Taoyuan City 32054, Taiwan|0|Chen, Yun|Chen, Y. -J.
non-USA|-|2019|Department of Physics, Sungkyunkwan University (SKKU), Suwon 16419, Republic of Korea|0|Lee, Jeong-Eun|Lee, J.
USA|R1|2019|Department of Physics, The University of Texas at Dallas, Richardson, TX 75080, United States of America|0|Kesden, Michael|Kesden, Michael
non-USA|-|2019|Earth Observatory of Singapore, Singapore; Now at Institute of Environmental Science and Research Ltd., Wellington, New Zealand|0|Bolton, Adam Stallard|Bolton, A.
non-USA|-|2019|European Southern Observatory, Alonso de Córdova 3107, Vitacura, Santiago, Chile|0|Wahhaj, Zahed|Wahhaj, Z.
non-USA|-|2019|Foundation for Research and Technology - Hellas, IA &amp; IESL, Voutes, 71110 Heraklion, Greece; Department of Physics and Institute of Theoretical &amp; Computational Physics, University of Crete, PO Box 2208, GR-710 03, Heraklion, Crete, Greece|0|Pavlidou, Vasiliki|Pavlidou, V.
non-USA|-|2019|Foundation for Research and Technology - Hellas, IA &amp; IESL, Voutes, 71110 Heraklion, Greece; Department of Physics and Institute of Theoretical &amp; Computational Physics, University of Crete, PO Box 2208, GR-710 03, Heraklion, Crete, Greece|0|Tassis, Konstantinos|Tassis, K.
non-USA|-|2019|IAASARS, National Observatory of Athens, 15236 Penteli, Greece|0|Bonanos, Alceste Zoe|Bonanos, A. Z.
non-USA|-|2019|INAF-Osservatorio Astrofisico di Torino, via Osservatorio 20, I-10025 Pino Torinese, Italy|0|Sozzetti, Alessandro|Sozzetti, A.
non-USA|-|2019|IRFU, CEA, Université Paris-Saclay, F-91191 Gif-sur-Yvette, France|0|Kosack, Karl Peter|Kosack, K.
non-USA|-|2019|Indian Centre for Space Physics, Chalantika 43, Garia Station Rd., Kolkata 700084, India; S. N. Bose National Centre for Basic Sciences, JD-Block, Salt Lake, Kolkata 700106, India|0|Chakrabarti, Sukanya|Chakrabarti, S. K.
non-USA|-|2019|Institute of Astronomy and Astrophysics, Academia Sinica. 11F of Astronomy-Mathematics Building, AS/NTU No.1, Section 4, Roosevelt Rd, Taipei 10617, Taiwan|0|Liu, Hang|Liu, S. -Y.
non-USA|-|2019|Institute of Astronomy, National Central University, 32001, Taiwan|0|Ngeow, Chow-Choong|Ngeow, Chow-Choong
non-USA|-|2019|Institute of Geochemistry Chinese Academy of Sciences, Guiyang 550002, China|0|Liu, Jifeng|Liu, J.
non-USA|-|2019|Institute of Theoretical Astrophysics, University of Oslo, Postboks 1029, 0315 Oslo, Norway|0|Dijkstra, Mark|Dijkstra, Mark
non-USA|-|2019|Instituto de Astronomía, Universidad Autónoma Nacional de México, Campus Ensenada; Mexico|0|Hernandez, John C.|Hernandez, J.
non-USA|-|2019|Instituto de Ciencias Nucleares, Universidad Nacional Autónoma de México. Apartado Postal 70-543, 04510 Ciudad de México, México; Instituto de Astronomía Teórica y Experimental, Universidad Nacional de Córdoba, X500BGR Córdoba, Argentina|0|Esquivel, Alejandro|Esquivel, A.
non-USA|-|2019|Istituto Nazionale di Astrofisica, Osservatorio Astronomico di Trieste, via Tiepolo 11, I-34143 Trieste, Italy; Istituto Nazionale di Fisica Nucleare, Sezione di Trieste, Via Valerio, 2, I-34127 Trieste, Italy|0|Sefusatti, Emiliano|Sefusatti, Emiliano
non-USA|-|2019|Joint ALMA Observatory, Alonso de Cordova 3107, Vitacura, Santiago 763-0355, Chile|0|Cortes, Paulo Cesar|Cortes, Paulo
non-USA|-|2019|Kavli Institute for Astronomy and Astrophysics, Peking University, Yiheyuan 5, Haidian Qu, 100871 Beijing, China|0|Herczeg, Gregory J.|Herczeg, Gregory
non-USA|-|2019|Kavli Institute for the Physics and Mathematics of the Universe (WPI), The University of Tokyo Institutes for Advanced Study, The University of Tokyo, 5-1-5 Kashiwanoha, Kashiwa, Chiba 277-8583, Japan|0|Suzuki, Nao|Suzuki, Nao
non-USA|-|2019|Key Laboratory for Research in Galaxies and Cosmology, Shanghai Astronomical Observatory, Chinese Academy of Sciences, 80 Nandan Road, Shanghai 200030, China; School of Astronomy and Space Sciences, University of Chinese Academy of Sciences, 19A Yuquan Road, Beijing 100049, China;|0|Shen, Juntai|Shen, Juntai
non-USA|-|2019|Key Laboratory of Optical Astronomy, National Astronomical Observatories, Chinese Academy of Science, Beijing 100012, People's Republic of China ;  University of Chinese Academy of Sciences, Beijing 100049, People's Republic of China|0|Yan, Huirong|Yan, H. L.
non-USA|-|2019|Key Laboratory of Optical Astronomy, National Astronomical Observatories, Chinese Academy of Sciences, Beijing 100012, China|0|Chen, Jennifer|Chen, J. -J.
non-USA|-|2019|King Fahd University of Petroleum and Minerals, Saudi Arabia|0|Farahat, Ashraf Mohamed Samir|Farahat, Ashraf
non-USA|-|2019|Korea Astronomy and Space Science Institute, 776 Daedeokdae-ro, Yuseong-gu, 305-348 Daejeon, Korea|0|Kim, Dong-Hoon|Kim, M. -J.
non-USA|-|2019|Laboratoire d'Astrophysique de Bordeaux, CNRS and Université de Bordeaux, Allée Geoffroy St. Hilaire, 33165, Pessac, France|0|Raymond, Sean Neylon|Raymond, Sean N.
non-USA|-|2019|Mandelstam Institute for Theoretical Physics, School of Physics, NITheP and CoE-MaSS, University of the Witwatersrand, Johannesburg, WITS, South Africa|0|Goldstein, Kevin|Goldstein, Kevin
non-USA|-|2019|Max-Planck-Institut für Radioastronomie, Auf dem Hügel 69, D-53121 Bonn, Germany|0|Lin, Yen-Ting|Lin, Y.
non-USA|-|2019|National Astronomical Observatories, Chinese Academy of Science, 20A Datun Road, Chaoyang District, Beijing 100012, People's Republic of China|0|Zhu, Wuming|Zhu, W. W.
non-USA|-|2019|National Astronomy Observatories, Chinese Academy of Science, Beijing, 100101, P.R. China|0|Wang, You-Ren|Wang, Y.
non-USA|-|2019|Nikhef, Science Park 105, 1098 XG Amsterdam, The Netherlands; Van Swinderen Institute for Particle Physics and Gravity, University of Groningen, Nijenborgh 4, 9747 AG Groningen, The Netherlands|0|Van Den Broeck, Chris|Van Den Broeck, C.
non-USA|-|2019|Physics Department, University of the Free State, Bloemfontein, South Africa; Astrophysical Sciences Division, Bhabha Atomic Research Centre, Mumbai, India|0|Singh, Karun Krishna|Singh, K. K.
non-USA|-|2019|RIKEN, Wako, Japan|0|Kaneko, Yuki|Kaneko, I.
non-USA|-|2019|Research Center for Cosmic Neutrinos, Institute for Cosmic Ray Research, University of Tokyo, Kashiwa, Chiba 277-8582, Japan|0|Wang, Ruili|Wang, R.
non-USA|-|2019|Research School of Astronomy &amp; Astrophysics, Australian National University, Canberra, ACT 2611, Australia; Centre of Excellence for Astronomy in Three Dimensions (ASTRO-3D), Australia|0|Krumholz, Mark Reuben|Krumholz, Mark R.
non-USA|-|2019|Research School of Astronomy and Astrophysics, The Australian National University, Canberra, ACT 2611, Australia; ARC Centre of Excellence for All-sky Astrophysics (CAASTRO), School of Physics, The University of Sydney, Sydney, NSW 2006, Australia|0|Onken, Christopher A.|Onken, C. A.
non-USA|-|2019|School of Earth and Space Sciences, Peking University, 100871 Beijing, China|0|He, Jin|He, J. S.
non-USA|-|2019|School of Physics, University of Bristol, HH Wills Physics Laboratory, Tyndall Avenue, Bristol BS8 1TL, UK|0|Leinhardt, Zoe Malka|Leinhardt, Zoe M.
non-USA|-|2019|Skobeltsyn Institute of Nuclear Physics, Lomonosov Moscow State University, Moscow, Russia|0|Belov, Konstantin V.|Belov, A.
non-USA|-|2019|South-Western Institute for Astronomy Research, Yunnan University, Kunming, Yunnan 650091, P. R. China; Department of Astronomy, China West Normal University, Nanchong 637009, P.R. China|0|Wang, Haiyan|Wang, H. -F.
USA|P|2019|Space Science Institute, 4750 Walnut Street, Suite 205, Boulder, CO 80301, United States of America|0|Pitman, Karly M.|Pitman, Karly M.
non-USA|-|2019|State Key Laboratory of Space Weather, National Space Science Center, Chinese Academy of Sciences, Beijing, 100190, People’s Republic of China|0|Chen, Tingdong|Chen, T.
non-USA|-|2019|The Chinese University of Hong Kong, Shatin, NT, Hong Kong|0|Li, Jian-Yang|Li, T. G. F.
non-USA|-|2019|The Chinese University of Hong Kong, Shatin, NT, Hong Kong|0|Li, Xianghua|Li, T. G. F.
non-USA|-|2019|The Chinese University of Hong Kong, Shatin, NT, Hong Kong|0|Wang, Gensheng|Wang, Y. F.
USA|F|2019|The Johns Hopkins University, Applied Physics Laboratory, 11100, Johns Hopkins Rd, United States|0|Seelos, Frank Peter, IV|Seelos, Frank P.
non-USA|-|2019|The Key Laboratory of Orogenic Belts and Crustal Evolution, Beijing Key Laboratory of Mineral Environmental Function, School of Earth and Space Sciences, Peking University, Beijing 100871, PR China|0|Wang, Xiao|Wang, Xiao
non-USA|-|2019|University of Alberta, Department of Physics 4-183 CCIS, Edmonton AB T6G 2E1, Canada|0|Rosolowsky, Erik William|Rosolowsky, Erik W.
non-USA|-|2019|University of Alberta, Department of Physics 4-183 CCIS, Edmonton AB T6G 2E1, Canada|0|Rosolowsky, Erik William|Rosolowsky, Erik W.
non-USA|-|2019|University of Leicester, Department of Physics and Astronomy, Leicester, LE1 7RH, UK|0|Page, Kelly A.|Page, K.
non-USA|-|2019|Yunnan Observatories (YNAO), Chinese Academy of Sciences, Kunming 650216, China; Key Laboratory of the Structure and Evolution of Celestial Objects, Chinese Academy of Sciences, Kunming 650216, China; CAS Key Laboratory of Planetary Sciences, Nanjing 210008, China|0|Zhang, Xiaoling|Zhang, X. L.
non-USA|-|2019|affiliation-id="S2212686418301183-b096c71437368ad584fff69404649f31"Department of Physics, BK21 Physics Research Division, Institute of Basic Science Sungkyunkwan University, Suwon 16419, South Korea|0|Lee, Seokcheon|Lee, Seokcheon
