USA|2016|Laboratory for Atmospheric and Space Physics, University of Colorado, Boulder, CO, USA|0|Stevens, K. B.|Stevens, K.
non-USA|2017|School of Physics and Astronomy, University of Birmingham, Edgbaston, Birmingham, B15 2TT, United Kingdom|0|Bishop, J. E.|Bishop, J. E.
USA|2019|Institute for Theory and Computation, Harvard-Smithsonian Center for Astrophysics, 60 Garden St, Cambridge, MA 02138, USA|0|Hernquist, Lars Eric|Hernquist, Lars
USA|2018|MC 670, NASA's Goddard Space Flight Center, Greenbelt, MD, USA|0|St. Cyr, Orville Chris|St. Cyr, Orville
USA|2019|Kavli Institute for Astrophysics and Space Research, Massachusetts Institute of Technology, Cambridge, MA 02139, USA|0|Remillard, Ronald Alan|Remillard, Ronald A.
USA|2019|Steward Observatory, The University of Arizona, 933 North Cherry Avenue, Tucson, AZ 85721, USA|0|Schneider, Glenn H.|Schneider, Glenn
USA|2016|LIGO—Massachusetts Institute of Technology, Cambridge, Massachusetts 02139, USA|0|Brown, Dale Calvin|Brown, N. M.
USA|2019|Space Science Division, NASA Ames Research Center, MS 245-3, Moffett Field, CA 94035, USA|0|Zahnle, Kevin John|Zahnle, Kevin J.
USA|2019|AAVSO, Cambridge, MA 02138, USA|0|Henden, A. A.|Henden, A. A.
non-USA|2019|South-Western Institute for Astronomy Research, Yunnan University, Kunming, Yunnan 650091, P. R. China|0|Huang, Yi-Long|Huang, Y.
USA|2019|Center for Astrophysics∣Harvard &amp; Smithsonian 60 Garden Street, Cambridge, MA 02138, USA|0|Vrtilek, Saeqa Dil|Vrtilek, Saeqa
USA|2018|Scientific Studies and Consulting, 171 Harmon Drive, San Antonio, TX 78209, USA|0|Boice, Daniel Craig|Boice, Daniel C.
USA|2019|Department of Physics and Astronomy, Georgia State University, Astronomy Offices, 25 Park Place, Suite 605, Atlanta, GA 30303, USA|0|Crenshaw, Daniel Michael|Crenshaw, D. Michael
USA|2015|National Radio Astronomy Observatory, P.O. Box O, Socorro, NM 87801, USA|0|Kern, James Robert|Kern, J.
USA|2017|Physics Department, New Mexico Institute of Mining and Technology, Socorro, New Mexico 87801 USA|0|Westpfahl, David John, Jr.|Westpfahl, David J.
USA|2017|Department of Physics and Astronomy, Georgia State University, 25 Park Place, Suite 605, Atlanta, GA 30303, USA|0|Jones, Joseph Heilman|Jones, J.
USA|2019|Department of Physics and Astronomy, Aarhus University, Ny Munkegade 120, DK-8000 Aarhus C, Denmark; Homer L. Dodge Department of Physics and Astronomy, University of Oklahoma, 440 W. Brooks, Rm. 100, Norman, OK 73019-2061, USA ; Hamburger Sternwarte, Gojenbergsweg 112, D-21029 Hamburg, Germany|0|Baron, Edward Arthur|Baron, E.
USA|2019|Carl Sagan Center for the Study of Life in the Universe, SETI Institute, Mountain View, CA 94043, USA|0|Showalter, Mark Robert|Showalter, Mark R.
USA|2015|Department of Physics, Stanford University, Stanford, CA 94305, USA|0|Thompson, Kevin William|Thompson, K.
non-USA|2015|Scuola Normale Superiore, Piazza dei Cavalieri 7, I-56126 Pisa, Italy|0|Vietri, Mario|Vietri, Mario
USA|2018|Laboratory for Atmospheric and Space Physics, University of Colorado Boulder, Boulder, CO USA|0|Woods, Thomas Nee|Woods, T. N.
non-USA|2019|School of Physics, The University of Melbourne, Melbourne, VIC 3010, Australia; INFN - Laboratori Nazionali del Gran Sasso, Assergi L'Aquila I-67100, Italy|0|Paris, M. V.|Paris, M.
USA|2017|Applied Physics Laboratory, Johns Hopkins University, Laurel, Maryland USA|0|Schaefer, Robert Karl|Schaefer, Robert K.
non-USA|2018|GEPI, Observatoire de Paris, PSL Université, CNRS, 5 place Jules Janssen, F-92190 Meudon, France|1|Martin, J. M.|Martin, J. -M.
USA|2019|TScI at the Steven Muller Building, 3700 San Martin Drive, Baltimore, MD 21218, USA|0|Shaw, Richard Allen|Shaw, R.
USA|2019|Department of Astronomy, University of Maryland, College Park, MD 20742-2421, USA|0|Wolfire, Mark Guy|Wolfire, Mark G.
non-USA|2015|Lund Observatory, Box 43, 221 00, Lund, Sweden ; Laboratoire Univers et Particules de Montpellier (LUPM), UMR 5299, CNRS, Université Montpellier 2 - CC72 Place Eugène Bataillon, 34095, Montpellier Cedex 5, France|0|Lambert, John Vincent|Lambert, J.
non-USA|2019|Instituto de Ciencias Nucleares, Universidad Nacional Autónoma de México. Apartado Postal 70-543, 04510 Ciudad de México, México|0|Raga, Alejandro Cristian|Raga, A. C.
USA|2019|Jet Propulsion Laboratory, MS 183-900, California Institute of Technology, Pasadena, CA 91109, USA|0|Sahai, Raghvendra|Sahai, R.
non-USA|2019|Instituto de Astrofísica de Andalucía, Glorieta de la Astronomía, Granada E-18008, Spain|0|Jones, Michael David|Jones, Michael
non-USA|2018|Department of Astronomy and Space Science, Sejong University, Seoul, 143-747, Korea|0|Kang, Young Woon|Kang, Y. -W.
USA|2019|Department of Astrophysical Sciences, Princeton University, 4 Ivy Lane, Princeton, NJ 08544, USA|0|Lupton, R. H.|Lupton, Robert
USA|2018|Space Telescope Science Institute, 3700 San Martin Drive, Baltimore, MD 21218, USA|0|Nelan, Edmund Paul|Nelan, E.
USA|2018|Department of Physics, Virginia Tech, Blacksburg, VA 24061, USA|0|Simonetti, John Harold|Simonetti, John
USA|2019|Department of Physics and Astronomy, University of Kentucky, 505 Rose Street, Lexington, KY 40506, USA|0|Zhang, K. S.|Zhang, Kai
USA|2019|Department of Astronomy, University of Washington, Box 351580, Seattle, WA 98195, USA|0|Anderson, Scott Frederic|Anderson, Scott F.
USA|2018|Institute for Astrophysical Research, Boston University, 725 Commonwealth Avenue, Boston, MA 02215, USA|0|Clemens, Dan Percival|Clemens, Dan P.
USA|2019|Harvard-Smithsonian Center for Astrophysics, 60 Garden Street, Cambridge, MA 02138, USA|0|David, Laurence Paul|David, Laurence P.
USA|2019|Harvard-Smithsonian Center for Astrophysics, 60 Garden St., Cambridge, MA 02138, USA|0|Gaetz, Terrance Joseph|Gaetz, Terrance J.
USA|2019|State Key Laboratory of Space Weather, National Space Science Center, Chinese Academy of Sciences, Beijing, China; Now at School of Earth and Atmospheric Sciences, Georgia Institute of Technology, Atlanta, GA USA|0|Chen, Chia-Rong|Chen, C.
non-USA|2017|School of Physics and Astronomy, University of Birmingham, Edgbaston, Birmingham, B15 2TT, United Kingdom|0|Bishop, James Edward|Bishop, J. E.
non-USA|2019|NASA Ames Research Center, Moffett Field, CA, United States|0|Sandford, Scott Alan|Sandford, Scott A.
non-USA|2004|American Center for Physics, One Physics Ellipse, College Park, Maryland 20740-3842|4|Blau, Steven Kennith|Blau, Steven K.
USA|2019|Climate and Space Sciences and Engineering, University of Michigan, Ann Arbor, Michigan USA|0|Bougher, Stephen Wesley|Bougher, S.
USA|2018|Earth, Planetary, and Space Sciences, University of California, Los Angeles, CA USA|0|Paige, David Abbey, Jr.|Paige, D. A.
non-USA|2018|Dipartimento di Fisica, Università di Roma “Tor Vergata” and INFN sezione Roma Tor Vergata, I-00133 Roma, Italy|1|Bassan, Massimo|Bassan, M.
USA|2018|Department of Climate and Space Sciences and Engineering, University of Michigan, Ann Arbor, MI USA|0|Johnson, Bettye Carol|Johnson, B. C.
non-USA|2019|Indian Centre For Space Physics, 43 Chalantika, Garia Station Road, Kolkata 700084, India|0|Chakrabarti, Sandip Kumar|Chakrabarti, Sandip K.
USA|2019|Department of Physics, The Applied Math Program, and Department of Astronomy, The University of Arizona, Tucson, AZ 85721, USA;|0|Melia, Fulvio|Melia, Fulvio
non-USA|2018|Space Science Group, School of Physics, University College Dublin, Belfield, Dublin 4, Ireland|0|Murphy, David Charles|Murphy, D.
non-USA|2019|Gemini Observatory, Casilla 603, La Serena, Chile|0|Kim, Hyung Kook|Kim, H.
non-USA|2018|Instituto de Astronomía, Universidad Nacional Autónoma de México, Unidad Académica en Ensenada, Ensenada BC 22860,Mexico|0|Aguilar, Luis Alberto|Aguilar, Luis
USA|2018|Naval Research Laboratory, Washington, DC, USA|0|Murphy, Ronald James|Murphy, Ronald
non-USA|2019|Department of Physics, National and Kapodistrian University of Athens, Panepistimiopolis, GR 15783 Zografos, Greece|0|Mastichiadis, Apostolos|Mastichiadis, Apostolos
non-USA|2019|University of New South Wales Canberra, Canberra, ACT 2612, Australia|0|Smith, Billy Ray, Jr.|Smith, B.
USA|2018|Astrophysics Science Division, NASA/Goddard Space Flight Center, Greenbelt, MD 20771, USA; Catholic University of America, Washington, DC 20064, USA|0|Shrader, Chris R.|Shrader, Chris
non-USA|2019|Institut d'Astrophysique de Paris (UMR 7095: CNRS &amp; Sorbonne Université), 98 bis Bd. Arago, F-75014 Paris, France|0|Mamon, Gary Allan|Mamon, Gary A.
USA|2019|AAVSO, Cambridge, MA 02138, USA|0|Henden, Arne Anthon|Henden, A. A.
non-USA|2019|Shanghai Astronomical Observatory, 80 Nandan Road, Shanghai, 200030, PR China|0|Wang, Wan-Xian|Wang, W.
USA|2019|Infrared Processing and Analysis Center, California Institute of Technology, Pasadena, CA 91125, USA|1|Cutri, Roc Michael|Cutri, Roc M.
non-USA|2017|Institut für Astrophysik, University of Göttingen, Friedrich-Hund-Platz 1, D-37077 Göttingen, Germany|0|Hessman, Frederic Victor|Hessman, Frederic V.
USA|2019|NASA Goddard Space Flight Center, 8800 Greenbelt Road, Greenbelt, DMD 20771, USA|0|Barthelmy, Scott Douglas|Barthelmy, S. D.
USA|2018|NASA Goddard Space Flight Center, Solar Physics Laboratory, Greenbelt, MD 20771, USA|0|Klimchuk, James Andrew|Klimchuk, James A.
USA|2017|Delaware State University, Dover, DE, USA|0|Bobrowsky, Matthew Simon|Bobrowsky, M.
USA|2018|Department of Physics, Wellesley College, Wellesley, MA, 02481, USA|0|Stark, Glenn|Stark, G.
non-USA|2017|South African Astronomical Observatory, P.O. Box 9, Observatory, Cape Town, 7935, South Africa|0|Skelton, Robert Thomas|Skelton, R.
USA|2019|Department of Astronomy, Cornell University, Ithaca, New York 14853, USA|0|Chernoff, David Fisher|Chernoff, David F.
USA|2019|Kavli Institute for Cosmological Physics, University of Chicago, Chicago, IL 60637, USA; Department of Astronomy and Astrophysics, University of Chicago, Chicago, IL 60637, USA|0|Chang, Chong-An.|Chang, C.
USA|2019|Institute for Astrophysics and Computational Sciences, Department of Physics, The Catholic University of America, Washington, DC 20064, USA|0|Kraemer, Steven Baker|Kraemer, Steven B.
USA|2019|NASA Goddard Space Flight Center, 8800 Greenbelt Rd, Greenbelt MD, USA|0|Leisawitz, David Todd|Leisawitz, David
USA|2015|Harvard-Smithsonian Center for Astrophysics, 60 Garden St., Cambridge, MA 02138, USA|0|Edgar, Richard John|Edgar, Richard J.
non-USA|2019|School of Space Research, Kyung Hee University, Yongin 446-701, Republic of Korea|0|Park, J. J.|Park, Jaekyun
non-USA|2019|Department of Astronomy and Carl Sagan Institute, Cornell University, Ithaca, NY 14853, United States of America|0|Lunine, J. I.|Lunine, Jonathan I.
USA|2019|LIGO, Massachusetts Institute of Technology, Cambridge, MA 02139, USA ; Department of Physics and Kavli Institute for Astrophysics and Space Research, Massachusetts Institute of Technology, Cambridge, MA 02139, USA|0|Ng, Kim Kwee|Ng, K. K. Y.
non-USA|2018|Institut d'Astrophysique de Paris, Paris, France|0|Moneti, Andrea|Moneti, Andrea
USA|2019|Department of Physics, Carnegie Mellon University, Pittsburgh, PA 15213, USA|0|Peterson, Jeffrey B.|Peterson, J.
USA|2015|Steward Observatory, University of Arizona, 933 North Cherry Avenue, Tucson, AZ 85721-0065, USA|0|Bechtold, Jill Eleanor|Bechtold, Jill
non-USA|2018|Department of Space Sciences and Technologies, Faculty of Sciences, Akdeniz University, 07058 Antalya, Turkey|0|Eker, Zeki|Eker, Z.
USA|2019|Department of Physics and Astronomy, Michigan State University, East Lansing, Michigan 48824, USA; National Superconducting Cyclotron Laboratory, Michigan State University, East Lansing, Michigan 48824, USA|0|Fry, Craig Daniel|Fry, C.
USA|2019|Astronomy Department, Yale University, New Haven, CT 06520, USA|0|Girard, Terrence Mark|Girard, T.
non-USA|2019|Instituto de Astrofísica de Canarias, E-38205 La Laguna, Spain ; Departamento de Astrofísica, Universidad de La Laguna, E-38206 La Laguna, Spain|0|Rodriguez Espinosa, Jose Miguel|Rodriguez Espinosa, Jose Miguel
USA|2018|Department of Physics, University of Wisconsin Madison, 1150 University Ave, Madison WI 53703, USA|2|Timbie, Peter Taylor|Timbie, P. T.
non-USA|2019|Physics Department, Arizona State University, Tempe, AZ 85287, U.S.A.|2|Vachaspati, Tanmay|Vachaspati, Tanmay
USA|2019|Center for Earth and Planetary Studies, National Air and Space Museum, Smithsonian Institution, Washington, DC 20560, USA|0|Watters, T. R.|Watters, Thomas R.
non-USA|2019|International Centre for Theoretical Sciences, Tata Institute of Fundamental Research, Bengaluru 560089, India|0|Ghosh, Sanjoy|Ghosh, Abhirup
USA|2018|NASA/GSFC Code 693, Greenbelt, MD 20771, USA|0|Bjoraker, Gordon Lee|Bjoraker, G. L.
USA|2018|Catholic University of America at NASA Goddard Space Flight Center, Solar Physics Laboratory, Code 671, Greenbelt, MD 20771, USA|0|Brosius, Jeffrey W.|Brosius, Jeffrey W.
USA|2016|Harvard-Smithsonian Center for Astrophysics, Cambridge, MA, USA|0|Bookbinder, Jay Aaron|Bookbinder, Jay
USA|2018|MSI, University of Minnesota, Minneapolis, USA|0|Porter, David Henry|Porter, David
USA|2019|George Mason University, Fairfax, VA, USA|0|Summers, M. E.|Summers, M. E.
USA|2019|Space Science Division, NASA Ames Research Center, MS 245-3, Moffett Field, CA 94035, USA|0|Zahnle, K. J.|Zahnle, Kevin J.
non-USA|2016|Centre de Recherche en Astronomie Astrophysique et Géophysique (CRAAG), Observatoire d'Alger, 16340, Algiers, Algeria|0|Abdelatif, Toufik El-Hak|Abdelatif, T.
USA|2019|Calvin College, MI, USA|0|Molnar, Lawrence Alan|Molnar, L. A.
non-USA|2019|Department of Earth and Planetary Sciences, Washington University in St. Louis, United States of America|0|Wiens, D. A.|Wiens, Douglas A.
USA|2019|Department of Physics, University of Texas at Arlington, Texas USA|0|Lopez, Ramon E.|Lopez, R. E.
