169-506 Jet Propulsion Laboratory, Pasadena, CA 91009;
1917 Florida Dr. Seabrook, TX 77586-2985
530 Edgemont Road, Charlottesville, VA 22903
60 Garden Street, Cambridge, MA 02138, USA
601 Campbell Hall, Department of Astronomy, University of California, Berkeley, California, USA 94720-3411
AIR FORCE INST OF TECH WRIGHT-PATTERSON AFB OH SCHOOL OF ENGINEERING
AIR FORCE INSTITUTE OF TECHNOLOGY
AIR FORCE INSTITUTE OF TECHNOLOGY.
ARIZONA STATE UNIVERSITY
ARIZONA STATE UNIVERSITY.
AUBURN UNIVERSITY
AUBURN UNIVERSITY.
Air Force Institute of Technology
Alabama Univ., Huntsville.
Alabama Univ., University
Alabama Univ., University.
Arecibo Observatory, NAIC/Cornell University, HC 3 Box 53995, Arecibo, Puerto Rico 00612
Arizona State University
Arizona State University, Arizona, USA
Arizona State University, Tempe.
Arizona Univ., Phoenix.
Arizona Univ., Tucson
Arizona Univ., Tucson.
Arizona University
Arkansas Univ., Fayetteville.
Atmospheric Sciences Research Center, State University of New York", "Atmospheric Sciences Research Center, State University of New York
Auburn University
BAYLOR UNIVERSITY
BAYLOR UNIVERSITY.
BOSTON COLLEGE
BOSTON COLLEGE.
BOSTON UNIVERSITY
BOSTON UNIVERSITY GRADUATE SCHOOL.
BOSTON UNIVERSITY.
BRANDEIS UNIVERSITY
BRANDEIS UNIVERSITY.
BRIGHAM YOUNG UNIVERSITY
BRIGHAM YOUNG UNIVERSITY.
BROWN UNIVERSITY
BROWN UNIVERSITY.
BURN UNIVERSITY
Ball State University
Ball State University, Indiana, USA
Bartol Research Institute, University of Delaware
Baylor University
Boston University
Boston University, Department of Astronomy Boston, MA 02215
Boston University, MA.
Boston University, Massachusetts, USA
Brandeis Univ., Waltham, MA.
Brandeis University
Brandeis University, Massachusetts, USA
Brigham Young Univ., Provo, UT.
Brigham Young University
Brown Univ., Providence, RI.
Brown University
Brown University, Rhode Island, USA
CALIFORNIA INSTITUTE OF TECHNOLOGY
CALIFORNIA INSTITUTE OF TECHNOLOGY.
CARLETON UNIVERSITY (CANADA)
CARLETON UNIVERSITY (CANADA).
CARNEGIE MELLON UNIVERSITY
CARNEGIE-MELLON UNIVERSITY
CARNEGIE-MELLON UNIVERSITY.
CASA, Campus Box 389, Boulder, CO 80309
CASE WESTERN RESERVE UNIVERSITY
CASE WESTERN RESERVE UNIVERSITY.
CITY UNIVERSITY OF NEW YORK
CITY UNIVERSITY OF NEW YORK.
CLARKSON UNIVERSITY.
CLEMSON UNIVERSITY
CLEMSON UNIVERSITY.
CLEVELAND STATE UNIVERSITY.
COLORADO SCHOOL OF MINES
COLORADO SCHOOL OF MINES.
COLORADO STATE UNIVERSITY.
COLUMBIA UNIVERSITY
COLUMBIA UNIVERSITY TEACHERS COLLEGE.
COLUMBIA UNIVERSITY.
CORNELL UNIVERSITY
CORNELL UNIVERSITY.
California Institute of Technology
California Institute of Technology, California, USA
California Institute of Technology, Pasadena, CA USA
California Institute of Technology, Pasadena.
California Institute of Technology, Physics 320-47, Pasadena, CA 91125, USA
California Institute of Technology, States -- California
California Univ., Berkeley.
California Univ., Berkeley. Lawrence Berkeley Lab.
California Univ., Davis.
California Univ., Irvine.
California Univ., Los Angeles
California Univ., Los Angeles, CA.
California Univ., Los Angeles.
California Univ., Riverside, CA.
California Univ., Riverside.
California Univ., San Diego
California Univ., San Diego.
California Univ., Santa Barbara.
California Univ., Santa Cruz, CA.
California Univ., Santa Cruz.
California University
Caltech
Campus Box 392/LASP, University of Colorado, Boulder, CO 80309-0392
Capella University
Carnegie Institution of Washington/DTM University of Michigan
Carnegie Mellon University
Carnegie Mellon University, Pennsylvania, USA
Case Western Reserve Univ., Cleveland, OH.
Case Western Reserve University
Case Western Reserve University, Ohio, USA
Catholic University of America, Washington, DC.
Center for Astrophysics and Space Sciences, University of California, San Diego
Center for High Angular Resolution Astronomy, Department of Physics and Astronomy, Georgia State University
Chicago Univ., Chicago, IL.
Chicago Univ., IL.
Chicago Univ., IL.", "Chicago Univ., IL.", "Chicago Univ., IL.", "Chicago Univ., IL.", "Chicago Univ., IL.
Cincinnati Univ., OH.
City University of New York, NY.
Clemson University
Cleveland State University, OH.
Colorado School of Mines
Colorado School of Mines, Golden.
Colorado State University
Colorado State University, Fort Collins.
Colorado Univ., Boulder, CO.
Colorado Univ., Boulder.
Colorado University
Columbia Univ., New York, NY.
Columbia University
Columbia University, New York, USA
Cornell Univ., Ithaca, NY.
Cornell Univ., Ithaca, NY.", "Cornell Univ., Ithaca, NY.", "Cornell Univ., Ithaca, NY.", "Cornell Univ., Ithaca, NY.", "Cornell Univ., Ithaca, NY.", "Cornell Univ., Ithaca, NY.
Cornell Univ., New York, NY.
Cornell University
Cornell University, New York, USA
DARTMOUTH COLLEGE
DARTMOUTH COLLEGE.
DREXEL UNIVERSITY
DREXEL UNIVERSITY.
DUKE UNIVERSITY
DUKE UNIVERSITY.
Dartmouth Coll., Hanover, NH.
Dartmouth College
Dartmouth College, New Hampshire, USA
Dearborn Observatory, Northwestern University, 2131 Sheridan Road, Evanston, IL 60208-2900, USA
Delaware Univ., Newark.
Delaware University
Denver Univ., CO.
Department of Astronomy & Astrophysics, The Pennsylvania State University, 525 Davey Laboratory, University Park, PA 16802;
Department of Astronomy, University of California, Campbell Hall, Berkeley, CA 94720, USA
Department of Astronomy, University of Chicago, 5640 S. Ellis Ave, Chicago, IL 60637 USA
Department of Astronomy, University of Florida, Gainesville, Fl 32611
Department of Astronomy, University of Wisconsin--Madison, 475 North Charter Street, Madison, WI 53706
Department of Chemistry and Department of Astronomy and Astrophysics, University of Chicago, 5735 S. Ellis Ave., Chicago, IL 60637
Department of Physics and Astronomy, Arizona State University, P. O. Box 1504, Tempe, AZ 85287, USA
Department of Physics and Astronomy, Louisiana State University
Department of Physics and Astronomy, University of California, Irvine
Department of Physics and Astronomy, University of Massachusetts, LGRT, Amherst, MA 01003-4525, USA
Department of Physics and Astronomy, University of Rochester, Rochester, NY, 14607, USA;
Department of Physics, California Institute of Technology
Department of Physics, Montana State University-Bozeman Bozeman, MT 59717, USA
Department of Physics, Stanford University
Department of Physics, University of California, Berkeley, CA 94720-7450, USA
Departmeny of Physics and Astronomy, 177 Chem-Phys Bldg., University of Kentucky, Lexingon, KY 40506
Division of Physics, Mathematics, and Astronomy, California Insititute of Technology, Pasadena, CA
Drexel Univ., Philadelphia, PA.
Drexel University
Duke University
Embry-Riddle Aeronautical University
FCRAO, 619 Lederle GRC, University of Massachusetts, Amherst, MA 01003, USA
FLORIDA ATLANTIC UNIVERSITY
FLORIDA ATLANTIC UNIVERSITY.
FLORIDA INSTITUTE OF TECHNOLOGY
FLORIDA INSTITUTE OF TECHNOLOGY.
FLORIDA INTERNATIONAL UNIVERSITY.
FORDHAM UNIVERSITY.
Five College Astronomy Department, 517G Lederle Graduate Tower, University of Massacusetts, Amherst MA 01003 USA;
Five College Radio Astronomy Observatory, University of Massachusetts, Amherst MA 01003
Florida Atlantic University
Florida Atlantic University, Florida, USA
Florida Institute of Technology
Florida Institute of Technology, Florida, USA
Florida International University, Florida, USA
Florida State University, Tallahassee.
Florida Univ., Gainesville.
Fordham Univ., New York, NY.
GEORGE MASON UNIVERSITY
GEORGETOWN UNIVERSITY.
GEORGIA INSTITUTE OF TECHNOLOGY
GEORGIA INSTITUTE OF TECHNOLOGY.
GEORGIA STATE UNIVERSITY
GEORGIA STATE UNIVERSITY.
George Mason University
George Mason University, Virginia, USA
George Washington Univ., Washington, DC.
Georgia Institute of Technology
Georgia Institute of Technology, Atlanta, GA.
Georgia Institute of Technology, Atlanta.
Georgia Institute of Technology, Georgia, USA
Georgia State University
Georgia State University, Georgia, USA
Goddard Space Flight Center --- NASA, Code 681, Greenbelt, Maryland 20771, USA;
HARVARD UNIVERSITY
HARVARD UNIVERSITY.
HEBREW UNION COLLEGE - JEWISH INSTITUTE OF RELIGION (OHIO)
HOWARD UNIVERSITY.
Harvard University
Harvard University, Cambridge, MA.
Harvard University, Massachusetts, USA
Harvard University, Unnited States -- Massachusetts
Harvard--Smithsonian Center for Astrophysics Cambridge, Massachusetts, USA
Harvard-Smithsonian Center for Astrophysics
Harvard-Smithsonian Center for Astrophysics, 60 Garden St., MS 50, Cambridge, MA 02138, USA
Harvard-Smithsonian Center for Astrophysics, 60 Garden Street, MS-10, Cambridge, MA 02138, USA
Harvard-Smithsonian Center for Astrophysics, USA; University of Lisbon, Portugal
Harvard-Smithsonian CfA, 60 Garden St. MS 20, Cambridge MA 02138, USA
Harvard-Smithsonian CfA, 60 Garden St., Cambridge, MA 02138, USA
Hawaii Univ., Honolulu
Hawaii Univ., Honolulu, HI.
Hawaii Univ., Honolulu.
Hawaii University
Houston Univ., TX.
Howard University
ILLINOIS INSTITUTE OF TECHNOLOGY.
INDIANA UNIVERSITY
INDIANA UNIVERSITY.
IOWA STATE UNIVERSITY
IOWA STATE UNIVERSITY.
IPAC / CALTECH 100-22, CA 91125, USA
Illinois Univ. at Urbana-Champaign, Savoy.
Illinois Univ., Chicago.
Illinois Univ., Urbana-Champaign.
Illinois Univ., Urbana.
Imperial College London
Imperial College of Science, Technology and Medicine, London
Imperial College of Science, Technology and Medicine, UK
Indian Institute of Astrophysics
Indian Institute of Astrophysics Bangalore-560 034, India
Indian Institute of Astrophysics, Bangalore, India
Indian Institute of Astrophysics, Koramangala P O Bangalore - 560 034 India
Indiana Univ., Bloomington
Indiana Univ., Bloomington.
Indiana University
Indiana University, Indiana, USA
Innsbruck, Universit\u00e4t, Austria
Insititute of Space and Astronautical Science/Japan Aerospace Exploration Agency
Insitute of Astronomy, Madingley Road, Cambridge, CB3 0HA, England
Inst. voor Sterrenkunde, K. U. Leuven, Celestijnenlaan 200B, B-3001 Heverlee, BELGIUM
Institut National Polytechnique, Toulouse, France
Institut d'Astrophysique Spatiale
Institut d'Astrophysique Spatiale (IAS, Orsay)
Institut d'Astrophysique Spatiale, B\u00e2timent 121, Universit\u00e9 Paris-Sud, F-91405 Orsay, France
Institut d'Astrophysique Spatiale, Orsay, France; University of Florence, Italy
Institut d'Astrophysique Spatiale, UMR8617, Universit\u00e9 Paris Sud, F-91405 Orsay cedex, France & Universit\u00e9 Pierre et Marie Curie - Paris VI
Institut d'Astrophysique Spatiale, Universit\u00e9 Paris Sud, B\u00e2t. 121, 91405 Orsay Cedex, France
Institut d'Astrophysique Spatiale, Universite Paris XI
Institut d'Astrophysique de Paris (France); D\u00e9partement de Recherche Spatiale, Observatoire de Meudon (France); Laboratoire d'Astrophysique, Observatoire
Institut d'Astrophysique de Paris / Universit\u00e9 Pierre et Marie Curie (Paris VI)
Institut d'Astrophysique et de G\u00e9 Universit\u00e9 de Li\u00e8ge
Institut d'Astrophysique et de G\u00e9ophysique, Universit\u00e9 de Li\u00e8ge
Institut d'astrophysique de Paris / Universit\u00e9 Pierre & Marie Curie (Paris VI)
Institut d'astrophysique spatiale
Institut d'astrophysique, Universite de Liege, Belgium; Observatoire de Paris Meudon - DAEC, FRance
Institut de Radio Astronomie Millim\u00e9trique, 300, Rue de la Piscine, Domaine Universitaire de Grenoble, F-38406 Saint-Martin-d'H\u00e8res CEDEX, France
Institut f\u00fcr Astronomie der Universit\u00e4t Wien, T\u00fcrkenschanzstrasse 17, A-1180 Wien, Austria
Institut f\u00fcr Astronomie der Universit\u00e4t Wien, T\u00fcrkenschanzstrasse 17, A-1180 Wien, Austria; ESO Garching, Karl Schwarzschild Strasse 2, D-85748 Garching near Munich, Germany; Instituut voor Sterrenkunde, K. U. Leuven, Celestijnenlaan 200D, B-3001 Leuven, Belgium
Institut f\u00fcr Astronomie und Astrophysik Tuebingen, Sand 1, D-72076 Tuebingen, Germany; Universit\u00e4tssternwarte G\u00f6ttingen, Geismarlandstrasse 11, D-37083 G\u00f6ttingen, Germany
Institut f\u00fcr Astronomie und Astrophysik, Eberhard Karls Universit\u00e4t T\u00fcbingen
Institut f\u00fcr Astronomie und Astrophysik, Sekr. PN 8-1, Technische Universit\u00e4t Berlin, Hardenbergstr. 36, D-10623 Berlin, Germany
Institut f\u00fcr Astronomie und Astrophysik, TU Berlin, Hardenbergstrasse 36, D-10632 Berlin, Germany
Institut f\u00fcr Astronomie, University of Vienna
Institut f\u00fcr Astrophysik, Friedrich-Hund-Platz 1, D-37077 G\u00f6ttingen, Germany
Institut f\u00fcr Astrophysik, Georg-August-Universit\u00e4t G\u00f6ttingen, Friedrich-Hund-Platz 1, D-37077 G\u00f6ttingen, Germany
Institut f\u00fcr Theoretische Astrophysik der Universit\u00e4t Heidelberg, Tiergartenstr. 15, 69121 Heidelberg, Germany
Institut f\u00fcr Theoretische Physik und Astrophysik, Universit\u00e4t Kiel, Leibnizstrasse 15, 24098 Kiel; Institut f\u00fcr Theoretische Astrophysik, Universit\u00e4t Heidelberg, Albert-Ueberle-Strasse 2, 69120 Heidelberg
Institut f\u00fcr theoretische Physik und Astrophysik, Universit\u00e4t W\u00fcrzburg, Germany
Institute Of Natural Applied Sciences, University Of \u00c7ukurova
Institute TeSRE - CNR, Via Gobetti 101, I-40129 Bologna, Italy
Institute for Astronomy University of Hawaii 2680 Woodlawn Dr. Honolulu, HI 96822
Institute for Astronomy, University of Hawaii
Institute for Computational Cosmology, University of Durham
Institute for Computational Sciences & Informatics - George Mason University
Institute of Astronomy ETH Z\u00fcrich 8093 Z\u00fcrich Switzerland
Institute of Astronomy and Churchill College, University of Cambridge
Institute of Astronomy, Cambridge
Institute of Astronomy, ETH Z\u00fcrich
Institute of Astronomy, ETH Z\u00fcrich, 8092 Z\u00fcrich, Switzerland
Institute of Astronomy, ETH Z\u00fcrich, 8093 Z\u00fcrich, Switzerland
Institute of Astronomy, ETH Z\u00fcrich, Switzerland
Institute of Astronomy, K.U. Leuven, Belgium
Institute of Astronomy, K.U.Leuven, Belgium
Institute of Astronomy, Katholieke Universiteit Leuven, Belgium
Institute of Astronomy, Madingley Rd, Cambridge, CB2 0HA, UK
Institute of Astronomy, Madingley Road, Cambridge CB3 0HA
Institute of Astronomy, University oF Cambridge
Institute of Astronomy, University of Cambridge, UK
Institute of Astrophysics and Geophysics in Liege
Institute of Physics and Astronomy University of Aarhus Ny Munkegade DK-8000 Aarhus Denmark
Institute of Physics and Astronomy, University of \u00c5rhus, Ny Munkegade, 8000 \u00c5rrhus C, Denmark
Instituto Nacional de Pesaciais Espaciais
Instituto Nacional de Pesquisas Espacias
Instituto de Astrof\u00edsica de Andaluc\u00eda
Instituto de Astrof\u00edsica de Canarias
Instituto de Astrofisica de Andalucia (IAA-CSIC)
Instituto de Astrofisica de Canarias, Via Lactea s/n, E-38200 La laguna, Tenerife, Spain.
Instituto de Astronom\u00eda, UNAM, Apartado Postal 70-264, Ciudad Univesitaria, CP. 04510, M\u00e9xico 20, D. F., M\u00e9xico
Instituto de Astronom\u00eda, UNAM. Ap. Postal 70-264, M\u00e9xico 04510 D. F., M\u00e9xico
Instituto de Astronom\u00eda, Universidad Nacional Aut\u00f3noma de M\u00e9xico
Instituto de Astronomia y Fisica del Espacio (IAFE), C.C. 67, Suc. 28 1428 Buenos Aires, Argentina
Instituto de Astronomia, Geof\u00edsica e Ci\u00e8ncias Atmosf\u00e9ricas, University of S\u00e3o Paulo (IAG/USP), S\u00e3o Paulo, Brazil
Instituto de Astronomia, Geof\u00edsica e Ci\u00eancias Atmosf\u00e9ricas da USP, S\u00e3o Paulo, Brazil", "Instituto de Astronomia, Geof\u00edsica e Ci\u00eancias Atmosf\u00e9ricas da USP, S\u00e3o Paulo, Brazil
Instituto de Astronomia, Geof\u00edsica e Ci\u00eancias Atmosf\u00e9ricas, Universidade de S\u00e3o Paulo, Brazil
Instituto de Astronomia, Geof\u00edsica e Ci\u00eancias Atmosf\u00e9ricas, Universidade de S\u00e3o Paulo, R. do Mat\u00e3o 1226, 05508-090 S\u00e3o Paulo, Brazil Observatoire Astronomique, UMR 7550 CNRS, Universit\u00e9 Louis Pasteur, 11 rue de l'Universit\u00e9, 67000 Strasbourg, France
Instituto de Astronomia, UNAM Apartado Postal 3-72 (Xangari) 58089 Morelia Michoacan Mexico
Instituto de Pesquisas Espaciais, Sao Jose dos Campos (Brazil).
Instituto de Pesquisas Espaciais, Sao Paulo (Brazil).
Instituto de astrofisica de Canarias, 38205, La Laguna, Tenerife, Spain
Instituut voor Sterrenkunde K.U.Leuven Celestijnenlaan 200B 3001 Leuven Belgium
Instituut voor Sterrenkunde, KULeuven, Belgium
Instituut voor Sterrenkunde, Katholieke Universiteit Leuven, Celestijnenlaan 200 B, B-3001 Heverlee, Belgium
International School for Advanced Studies (SISSA/ISAS), Harvard-Smithsonian Center for Astrophysics
International Schools for Advanced Studies
Iowa State University
Iowa State University of Science and Technology, Ames.
Iowa Univ., Iowa City, IA.
Iowa Univ., Iowa City.
Iowa Univ., Oakdale.
Israel Institute of Technology
Istanbul University Science Faculty Astronomy & Space Sciences Department
Istituto TESRE / CNR, via P. Gobetti 101, 40129 Bologna, Italy
JAP, Department of Physics Indian Institute of Science Bangalore, India and Astrophysics Group Raman Research Institute Bangalore, India
JILA, University of Colorado, Boulder, CO, 80309-0440
James Cook University
Jodrell Bank Observatory
Jodrell Bank Observatory, The University of Manchester, UK
Johannes Gutenberg Universit\u00e4t Mainz
Johns Hopkins Univ., Baltimore, MD.
Joint Astronomy Programme, Department of Physics, Indian Institute of Science, Bangalore 560 012, India. Indian Institute of Astrophysics, Bangalore 560 034, India.
Joint Astronomy Programme, Indian Institute of Science, Bangalore, India // National Centre for Radio Astrophysics, Tata Institute of Fundamental Research, Pune, India
Joint Institute for VLBI in Europe, Postbus 2, 7990 AA Dwingeloo, The Netherlands
KANSAS STATE UNIVERSITY
KANSAS STATE UNIVERSITY.
KATHOLIEKE UNIVERSITEIT LEUVEN (BELGIUM)
Kansas State University
Kansas Univ., Lawrence.
Kapteyn Astronomical Institute
Kapteyn Astronomical Institute University of Groningen
Kapteyn Astronomical Institute, Groningen, The Netherlands
Kapteyn Astronomical Institute, Groningen, The Netherlands, and Harvard-Smithsonian Center for Astrophysics, Cambridge, MA
Kapteyn Astronomical Institute, P.O. Box 800, 9700 AV Groningen, the Netherlands and SRON, P.O. Box 800, 9700 AV Groningen, the Netherlands
Kapteyn Astronomical Institute, University of Groningen
Kapteyn Astronomical Institute, University of Groningen, PO Box 800, 9700 AV Groningen, the Netherlands
Kapteyn Astronomical Institute, University of Groningen, The Netherlands
Kapteyn Institute, Postbus 800 9700 AV Groningen, The Netherlands
Karlsruhe Univ., Germany
Keele Univ. (England)
Keele University
Kentucky Univ., Lexington.
Kerikeri Research Centre, The Horticultural Research Institute of New Zealand", "Kerikeri Research Centre, The Horticultural Research Institute of New Zealand", "Kerikeri Research Centre, The Horticultural Research Institute of New Zealand
Kiel Univ., Germany
Kiepenheuer-Institut f\u00fcr Sonnenphysik Albert-Ludwigs-University, Freiburg, Germany
Kodaikanal Observatory
Korea Astronomy Observatory, San36-1, Yusong-Gu, Taejon, 305-348, Korea
Kungliga Tekniska Hogskolan (Sweden)
Kyoto University, Kyoto, Japan
LAEFF-INTA
LAOG - Laboratoire d'Astrophysique de Grenoble, LUAN - Laboratoire Universitaire d'Astrophysique de Nice
LAOG, Observatoire de Grenoble, France
LATT, Universit\u00e9 de Toulouse, CNRS, 14 Av. E. Belin, F-31400 Toulouse, France
LEHIGH UNIVERSITY.
LERMA - Observatoire de Meudon 5 Place Jules Janssen 92195 Meudon cedex
LERMA, Ecole Normale Superieure & Observatoire de Paris
LERMA, Observatoire de Paris-Meudon; LAMAP, Universit\u00e9 de Cergy-Pontoise
LESIA, Observatoire de Paris-Meudon
LEiden University
LOUISIANA STATE UNIVERSITY AND AGRICULTURAL & MECHANICAL COLLEGE
LPCE-CNRS, University of Orleans, Paris Observatory
LUNDS UNIVERSITET (SWEDEN)
LUTH, Observatoire de Paris, CNRS, Universit\u00e9 Paris Diderot; 5 Place Jules Janssen, 92190 Meudon, France
La Laguna University
Laboratoire AIM, CEA/DSM - CNRS - Universit\u00e9 Paris Diderot, IRFU/SAp, 91191 Gif sur Yvette, France
Laboratoire AIM, Universit\u00e9 Paris Diderot/CEA-IRFU/CNRS, Service d'Astrophysique, CEA Saclay, 91191 Gif sur Yvette, France
Laboratoire J.L. Lagrange - UMR 7293- Observatoire de la Cote d'Azur (OCA), Universite de Nice-Sophia Antipolis (UNS), Centre National de la Recherche Scientifique (CNRS), Campus Valrose, 06108 Nice cedex 2, France
Laboratoire d'Astrophysique de Grenoble
Laboratoire d'Astrophysique de Grenoble, Universit\u00e9 Joseph Fourier (Grenoble 1), France
Laboratoire d'Astrophysique de Marseille
Laboratoire d'Astrophysique de Toulouse-Tarbes Observatoire Midi-Pyrenees 14 avenue E. Belin 31400 TOULOUSE FRANCE
Laboratoire d'Astrophysique, Observatoire de Grenoble, BP 53X, 38041 Grenoble Cedex, France
Laboratoire d'astrophysique de Grenoble
Laboratoire de Physique et Chimie de l'Environnement (LPCE) of the french National Centre for Scientific Research (CNRS), University of Orl\u00e9ans
Landessternwarte Heidelberg K\u00f6nigstuhl 69117 Heidelberg, Germany
Landessternwarte K\u00f6nigstuhl, D--69117 Heidelberg, Germany
Landessternwarte, K\u00f6nigstuhl, 69117 Heidelberg, Germany
Lawrence Livermore National Lab., Livermore, CA.
Leeds Univ. (England).
Lehigh Univ., Bethlehem, PA.
Lehigh University
Leicester Univ. (England).
Leiden Institute of Chemistry and Leiden Observatory, Leiden University, P.O. Box 9513, 2300 RA Leiden, The Netherlands
Leiden Observatory
Leiden Observatory, Leiden University, P.O. Box 9513, 2300 RA Leiden, The Netherlands
Leiden Observatory, P.O. Box 9513, NL-2300 RA Leiden, The Netherlands
Leiden Univ., Netherlands.
Leiden University
Leiden University, P.O. Box 9504, 2300 RA Leiden, The Netherlands
Leiden University, P.O. Box 9513, 2300 RA Leiden, The Netherlands
Leiden University, The Netherlands
Liverpool John Moores University
Los Alamos National Lab., NM.
Los Alamos Scientific Lab., NM.
Louisiana State University
Louisiana State University and Agricultural & Mechanical
Louisiana State University and Agricultural & Mechanical College
Louisiana State University and Agricultural & Mechanical College, Louisiana, USA
Lowell Univ., MA.
Ludwig Maximilian University
Ludwig Maximilians Universitat Munchen
Ludwig-Maximilians-Univ., Munich, Germany
Ludwig-Maximilians-Universit\u00e4t M\u00fcnchen
Ludwig-Maximilians-Universitat Munchen
Ludwig-Maximilians-Universitat, Munchen
Ludwig-Maximilians-Universitat, Munchen, Germany
Ludwigs-Maximilians-Universit\u00e4t
Lund Observatory, Box 43, SE-22100 Lund, Sweden
Lund Observatory, Lund University, Sweden
Lunds Universitet (Sweden)
Lunds Universitet (Sweden), Sweden
MAHARISHI UNIVERSITY OF MANAGEMENT.
MASSACHUSETTS INSTITUTE OF TECHNOLOGY
MASSACHUSETTS INSTITUTE OF TECHNOLOGY.
MCGILL UNIVERSITY (CANADA)
MCGILL UNIVERSITY (CANADA).
MCMASTER UNIVERSITY (CANADA)
MCMASTER UNIVERSITY (CANADA).
MICHIGAN STATE UNIVERSITY
MICHIGAN STATE UNIVERSITY.
MICHIGAN TECHNOLOGICAL UNIVERSITY
MICHIGAN TECHNOLOGICAL UNIVERSITY.
MIDDLE EAST TECHNICAL UNIVERSITY
MISSISSIPPI STATE UNIVERSITY
MISSISSIPPI STATE UNIVERSITY.
MIT
MIT, 77 Mass Ave., Cambridge, MA 02139; USA
MONTANA STATE UNIVERSITY
MONTANA STATE UNIVERSITY.
MPI Extraterr. Physik, D-85740 Garching bei M\u00fcnchen, Germany
MPIfR; University of Bonn, Germany
MS 169-506, JPL/Caltech, Pasadena, CA 91109, USA;
Macquarie University
Maharaja Sayajirao University of Baroda (India)
Main Astronomical Observatory of National Academy of Science of Ukraine
Manchester Univ. (England).
Maryland Univ., College Park
Maryland Univ., College Park, MD.
Maryland Univ., College Park.
Maryland University
Massachusetts Institute of Technology
Massachusetts Institute of Technology, Cambridge.
Massachusetts Institute of Technology, Massachusetts, USA
Massachusetts Univ., Amherst.
Mathematics Department, University of Illinois
Max Planck Institut f\u00fcr Astrophysik
Max Planck Institute for Astronomy
Max Planck Institute for Astronomy, K\u00f6nigstuhl 17, D-69117 Heidelberg, Germany
Max Planck Institute for Extraterrestrial Physics
Max Planck Institute for Physics, Munich, Germany
Max Planck-Institut f\u00fcr Meteorologie", "Atmospheric Environment Service
Max-Planck Institute for Astronomy
Max-Planck Institute for Astronomy, K\u00f6nigstuhl 17, D-69117 Heidelberg, Germany
Max-Planck Institute for Astrophysics
Max-Planck Institute of Astronomy, Heidelberg
Max-Planck-Inst. f\u00fcr Astronomie, Heidelberg, Germany
Max-Planck-Inst. f\u00fcr Physik und Astrophysik, Garching bei M\u00fcnchen, Germany
Max-Planck-Inst. f\u00fcr Physik und Astrophysik, Munich, Germany
Max-Planck-Inst. f\u00fcr extraterrestrische Physik, Garching bei M\u00fcnchen, Germany
Max-Planck-Institut f\u00fcr Aeronomie, Max-Planck-Str. 2, 37191 Katlenburg-Lindau, Germany
Max-Planck-Institut f\u00fcr Astronomie
Max-Planck-Institut f\u00fcr Astronomie, Heidelberg, Germany
Max-Planck-Institut f\u00fcr Astronomie, K\u00f6nigstuhl 17, 69117 Heidelberg, Germany
Max-Planck-Institut f\u00fcr Astronomie, K\u00f6nigstuhl 17, D-69117 Heidelberg, Germany
Max-Planck-Institut f\u00fcr Astronomie, K\u00f6nigstuhl, D-6900 Heidelberg, Germany
Max-Planck-Institut f\u00fcr Astrophysik
Max-Planck-Institut f\u00fcr Astrophysik, Garching bei M\u00fcnchen
Max-Planck-Institut f\u00fcr Kernphysic, Heidelberg, Germany
Max-Planck-Institut f\u00fcr Kernphysik, Heidelberg, Germany
Max-Planck-Institut f\u00fcr Physik, F\u00f6hringer Ring 6, 80805 M\u00fcnchen, Germany
Max-Planck-Institut f\u00fcr Radioastronomie
Max-Planck-Institut f\u00fcr Radioastronomie Auf dem H\u00fcgel 69 53121 Bonn Germany
Max-Planck-Institut f\u00fcr Radioastronomie, Auf dem H\u00fcgel 69, 53121 Bonn, Germany
Max-Planck-Institut f\u00fcr Radioastronomie, Auf dem H\u00fcgel 69, Bonn, Germany
Max-Planck-Institut f\u00fcr Radioastronomie, Auf dem H\u00fcgel 69, D-5300 Bonn 1, Germany
Max-Planck-Institut f\u00fcr Radioastronomie, Auf dem H\u00fcgel 69, D-53121 Bonn, Germany
Max-Planck-Institut f\u00fcr Radioastronomie, Auf dem \u00fcgel 69, Bonn, Germany
Max-Planck-Institut f\u00fcr Radioastronomie, Auf dem h\u00fcgel 69, Bonn, Germany
Max-Planck-Institut f\u00fcr Radioastronomie, Bonn, Germany
Max-Planck-Institut f\u00fcr Sonnensystemforschung
Max-Planck-Institut f\u00fcr Sonnensystemforschung, Max-Planck-Str. 2, Katlenburg-Lindau, Germany
Max-Planck-Institut f\u00fcr extraterrestrische Physik, Giessenbachstr., Garching bei M\u00fcnchen, Germany
Max-Planck-Institut f\u00fcr extraterrestrische Physik, P.O. Box 1312, Garching bei M\u00fcnchen, Germany
Max-Planck-Institut fuer Radioastronomie
Max-Planck-Institut fur Astronomie, Heidelberg, Germany
Max-Planck-Institute for Astronomy, Heidelberg, Germany
Max-Planck-Institute for Astronomy, K\u00f6nigstuhl 17, 69117 Heidelberg, Germany
Max-Planck-Institute for Solar System Research, 37191 Katlenburg-Lindau Germany
McGill University
McGill University (Canada)
McGill University, Canada
McMaster University (Canada)
McMaster University, Canada
Melbourne Univ., Carlton, Australia.
Memorial University of Newfoundland (Canada)
Miami Univ., Coral Gables, FL.
Michigan State University
Michigan State University, Michigan, USA
Michigan Technological Univ., Houghton, MI.
Michigan Technological University
Michigan Technological University, Michigan, USA
Michigan Univ., Ann Arbor
Michigan Univ., Ann Arbor, MI.
Michigan Univ., Ann Arbor.
Michigan University
Middle East Technical University - Department of Physics, Ankara, Turkey
Minnesota Univ., Duluth.
Minnesota Univ., Minneapolis.
Mississippi Univ., University.
Missouri Univ., Columbia.
Missouri Univ., Rolla.
Missouri University of Science and Technology
Montana State University
Montana State University, Montana, USA
Montreal Univ. (Quebec).
Morgan State University
Moscow state University
Mount Stromlo & Siding Spring Observatoires, Australian National University
Mount Stromlo and Siding Spring Observatoires
Mullard Radio Astronomy Observatory
Mullard Radio Astronomy Observatory, Cavendish Laboratory, Madingley Road, Cambridge CB3 0HE, UK
Mullard Space Science Laboratory, University College London, Holmbury St. Mary, Dorking, Surrey RH5 6NT, UK
NASA Goddard Space Flight Center
NEW JERSEY INSTITUTE OF TECHNOLOGY
NEW JERSEY INSTITUTE OF TECHNOLOGY.
NEW MEXICO INSTITUTE OF MINING AND TECHNOLOGY.
NEW MEXICO STATE UNIVERSITY
NEW MEXICO STATE UNIVERSITY.
NEW YORK UNIVERSITY
NEW YORK UNIVERSITY, SCHOOL OF ENGINEERING AND SCIENCE.
NEW YORK UNIVERSITY.
NORDITA, Blegdamsvej 17, Copenhagen, DK-2100 Denmark
NORTH CAROLINA STATE UNIVERSITY
NORTH CAROLINA STATE UNIVERSITY.
NORTH DAKOTA STATE UNIVERSITY
NORTHEASTERN UNIVERSITY.
NORTHWESTERN UNIVERSITY
NORTHWESTERN UNIVERSITY.
Nationaal Inst. voor Kernfysica en Hoge Energiefysica, Amsterdam, Netherlands
National Aeronautics and Space Administration, Washington, DC.
National Aeronautics and Space Administration. Goddard Inst. for Space Studies, New York, NY.
National Aeronautics and Space Administration. Goddard Space Flight Center, Greenbelt, MD.
National Aeronautics and Space Administration. Goddard Space Flight Center, Greenbelt, MD.", "National Aeronautics and Space Administration. Goddard Space Flight Center, Greenbelt, MD.
National Aeronautics and Space Administration. Goddard Space Flight Center, Greenbelt, MD.", "National Aeronautics and Space Administration. Goddard Space Flight Center, Greenbelt, MD.", "National Aeronautics and Space Administration. Goddard Space Flight Center, Greenbelt, MD.
National Aeronautics and Space Administration. Goddard Space Flight Center, Greenbelt, MD.", "National Aeronautics and Space Administration. Goddard Space Flight Center, Greenbelt, MD.", "National Aeronautics and Space Administration. Goddard Space Flight Center, Greenbelt, MD.", "National Aeronautics and Space Administration. Goddard Space Flight Center, Greenbelt, MD.
National Aeronautics and Space Administration. Langley Research Center, Hampton, VA.
National Astronomical Observatory of Japan
National Center for Atmospheric Research, Boulder, CO.
National Central University, Taiwan
National Geodetic Survey, Rockville, MD.
National Observatory, Rio de Janeiro (RJ, Brazil)
National Solar Observatory
Natural Environment Research Council, British Antarctic Survey", "Natural Environment Research Council, British Antarctic Survey
Naval Postgraduate School, Monterey, CA.
Nevada Univ., Reno
Nevada Univ., Reno.
New Hampshire Univ., Durham.
New Jersey Institute of Technology
New Jersey Institute of Technology, New Jersey, USA
New Mexico Inst. of Mining and Technology, Socorro.
New Mexico Institute of Mining and Technology
New Mexico State University
New Mexico State University, Las Cruces.
New Mexico State University, New Mexico, USA
New Mexico State University, University Park.
New Mexico Univ., Albuquerque.
New South Wales University
New York Univ., New York
New York Univ., New York.
New York University
New York University, New York, USA
Newcastle-upon-Tyne Univ. (England).
Nicolaus Copernicus Astronomical Center Bartycka 18, 00-716 Warsaw, Poland
Nicolaus Copernicus Astronomical Center, Warsaw, Poland
Niels Bohr Institute, University of Copenhagen, Denmark
North Carolina Science and Technology Research Center
North Carolina State Univ., Raleigh
North Carolina State University
North Carolina State University, Raleigh.
North Carolina Univ., Chapel Hill.
North Texas State University, Denton.
Northeastern University
Northwestern Univ., Evanston, IL.
Northwestern University
Northwestern University, Illinois, USA
Notre Dame Univ., IN.
Nottingham Univ. (England).
Nuffield Radio Astronomy Laboratories, University of Manchester, Jodrell Bank, Macclesfield, Cheshire, SK11 9DL, UK
OBSERVATOIRE DE MARSEILLE (FRANCE)
OHIO UNIVERSITY
OHIO UNIVERSITY.
OKLAHOMA STATE UNIVERSITY
OKLAHOMA STATE UNIVERSITY.
OLD DOMINION UNIVERSITY
OLD DOMINION UNIVERSITY.
ON/MCT - Rua Gal. Jose Cristino 77 - CEP 20921-400 - Rio de Janeiro - Brazil
OPEN UNIVERSITY, UNITED KINGDOM
OREGON GRADUATE INSTITUTE OF SCIENCE & TECHNOLOGY.
OREGON STATE UNIVERSITY
OREGON STATE UNIVERSITY.
OULUN YLIOPISTO (FINLAND)
Observat\u00f3rio Nacional (ON/MCT), Rio de Janeiro, Brazil
Observat\u00f3rio Nacional Rua General Jos\u00e9 Cristino, 77, Rio de Janeiro, RJ 20921-400, Brazil
Observatoire Astronomique de Bordeaux, France
Observatoire Midi-Pyr\u00e9n\u00e9es -- CNRS UMR 5572 -- 14, Av. E. Belin -- 31400 Toulouse, France
Observatoire Midi-Pyr\u00e9n\u00e9es -- UMR 5572 -- 14, Av. E. Belin -- 31400 Toulouse, France
Observatoire de PARIS
Observatoire de PAris
Observatoire de Paris
Observatoire de Paris 92195 Meudon France
Observatoire de Paris GIT/SPEC CEA Saclay
Observatoire de Paris, CNRS
Observatoire de Paris, Paris, FRANCE
Observatoire de Paris, Universit\u00e9 Paris XI
Observatoire de Strasbourg 11 rue de l'Universite, F-67000 Strasbourg, France
Observatoire de Strasbourg, France
Observatorio Astron\u00f3mico de C\u00f3rdoba
Observatorio Astronomico Nacional, Alcala de Henares, Spain
Observatorio Astronomico Nacional, Calle Alfonso XII, 3. E-28014 Madrid (SPAIN).
Observatorio Astronomico Nacional, Spain.
Observatorio Astronomico de Quito, Escuela Politecnica Nacional, Interior del Parque La Alameda, 17-01-165, Quito, Ecuador
Observatorio Astronomico de Valencia. Universidad de Valencia
Observatory of Stasbourg
Office National d'\u00c9tudes et de Recherches Aerospatiales
Office National d'\u00c9tudes et de Recherches Aerospatiales, Paris, France
Ohio State University, Columbus.
Ohio University
Ohio University, Ohio, USA
Oklahoma State University, Oklahoma, USA
Oklahoma Univ., Norman.
Old Dominion Univ., Norfolk, VA.
Old Dominion University
Onsala Space Observatory, 439 92 Onsala, Sweden
Onsala Space Observatory, S-43992 Onsala, Sweden
Onsala Space Observatory, Sweden
Onsala Space Observatory, and European Southern Observatory
Open University (United Kingdom), England
Open University, United Kingdom
Oregon State University, Corvallis.
Oregon State University, Oregon, USA
Oregon Univ., Eugene.
Osaka Prefecture University
Ottawa : National Library of Canada
Ottawa : National Library of Canada = Bibliotheque nationale du Canada
Oxford Univ. (England).
POLYTECHNIC UNIVERSITY.
PORTLAND STATE UNIVERSITY.
PRINCETON UNIVERSITY
PRINCETON UNIVERSITY.
PURDUE UNIVERSITY
PURDUE UNIVERSITY.
Paris VI Univ., France
Paris VI University
Paul Scherrer Institut
Penn State University
Pennsylvania State University
Pennsylvania State University, University Park, PA.
Pennsylvania State University, University Park.
Pennsylvania Univ., Philadelphia
Pennsylvania Univ., Philadelphia.
Pennsylvania University
Perth Observatory, and Physics Dept, University of Western Australia
Phillips Laboratory/GPOB, 29 Randolph Road, Hanscom AFB, MA 01731, USA
Physical Research Laboratory
Physics Department, Queen Mary and Westfield College, Mile End Road, London E1 4NS, UK
Physics Department, UMIST, PO Box 88, Manchester M60 1QD, UK
Physics Department, University of Tasmania, GPO Box 252C, Hobart 7001, Australia
Physics Department, University of Wollongong, Northfields Ave, Wollongong, 2522, Australia;
Physics and Astronomy Department, University of California, Los Angeles, CA 90095-1547, USA
Physikalisch-Meteorologisches Observatorium Davos, World Radiation Center, Dorfstrasse 33, 7260 Davos, Switzerland
Pittsburgh Univ., PA.
Pittsburgh University
Princeton Univ., NJ.
Princeton University
Princeton University, New Jersey, USA
Pulkovo Observatory, Saint-Petersburg, Russia
Pulkovo Observatory, St.Petersburg, Russia
Purdue Univ., West Lafayette, IN.
Purdue Univ., West Lafayette, IN.", "Purdue Univ., West Lafayette, IN.", "Purdue Univ., West Lafayette, IN.
Purdue University
Purdue University", "Purdue University", "Purdue University
Purdue University, Indiana, USA
Purple Mountain Observatory
QUEEN'S UNIVERSITY AT KINGSTON (CANADA)
QUEEN'S UNIVERSITY AT KINGSTON (CANADA).
QUEEN'S UNIVERSITY OF BELFAST (NORTHERN IRELAND)
QUEEN'S UNIVERSITY OF BELFAST (NORTHERN IRELAND).
QUEEN'S UNIVERSITY OF BELFAST, UNITED KINGDOM
Quaid-i-Azam University
Queen Mary and Westfield College University of London England
Queen's University (Canada)
Queen's University Belfast
Queen's University at Kingston, Canada
Queen's University of Belfast (United Kingdom), Northern Ireland
Queen's University of Belfast, United Kingdom
Queen's University, Canada
Queens Univ., Kingston (Ontario).
RENSSELAER POLYTECHNIC INSTITUTE
RENSSELAER POLYTECHNIC INSTITUTE.
RICE UNIVERSITY
RICE UNIVERSITY.
RIJKSUNIVERSITEIT GRONINGEN (THE NETHERLANDS).
RUTGERS THE STATE UNIVERSITY OF NEW JERSEY - NEW BRUNSWICK
RUTGERS THE STATE UNIVERSITY OF NEW JERSEY - NEW BRUNSWICK.
RUTGERS THE STATE UNIVERSITY OF NEW JERSEY - NEWARK
Radboud Universiteit Nijmegen, The Netherlands
Raman Research Institute, Bangalore
Raman Research Institute, C. V. Raman Avenue, Sadashivanagar, Bangalore, India 560080
Rand Graduate Inst. for Policies Study, Santa Monica, CA.
Rensselaer Polytechnic Inst., Troy, NY.
Rensselaer Polytechnic Institute
Rensselaer Polytechnic Institute, Troy, NY
Rheinischen Friedrich-Wilhelms-Universit\u00e4t Bonn
Rhode Island Univ., Kingston.
Rice Univ., Houston, TX.
Rice University
Rice University, Texas, USA
Ritter Astrophysical Research Center, University of Toledo
Ritter Observatory, University of Toledo
Rochester Institute of Technology
Rochester Univ., NY.
Royal Greenwich Observatory
Royal Institute of Technology, Stockholm (Sweden).
Royal Observatory of Belgium
Royal Observatory of Belgium Ringlaan 3 B-1180 Brussels
Royal Observatory, Blackford Hill, Edinburgh EH9 3HJ, UK
Royal Signals and Radar Establishment, Malvern (England).
Royal Swedish Academy of Sciences Stockholm Observatory SE-133 36 Saltsj\u00f6baden Sweden
Ruhr Univ., Bochum, Germany
Ruhr Univ., Bochum, Germany Abteilung f\u00fcr Physik und Astronomie.
Ruhr-Universit\u00e4t Bochum, Germany
Ruperto-Carola University of Heidelberg
Rutgers - The State University, New Brunswick, NJ.
Rutgers The State University of New Jersey - New Brunswick
Rutgers The State University of New Jersey - New Brunswick, New Jersey, USA
Rutgers University
SAINT LOUIS UNIVERSITY.
SAO
SCITRAN, Inc., Santa Barbara, CA.
SCITRAN, Inc., Santa Barbara, CA.", "SCITRAN, Inc., Santa Barbara, CA.
SISSA - Trieste, Italy
SISSA, Trieste, Italy
SOUTHERN ILLINOIS UNIVERSITY AT CARBONDALE.
SRON Netherlands Institute for Space Research
SRON, Utrecht, The Netherlands University of Utrecht, The Netherlands
STANFORD UNIVERSITY
STANFORD UNIVERSITY.
STATE UNIVERSITY OF NEW YORK AT ALBANY
STATE UNIVERSITY OF NEW YORK AT ALBANY.
STATE UNIVERSITY OF NEW YORK AT BINGHAMTON.
STATE UNIVERSITY OF NEW YORK AT BUFFALO
STATE UNIVERSITY OF NEW YORK AT BUFFALO.
STATE UNIVERSITY OF NEW YORK AT STONY BROOK
STATE UNIVERSITY OF NEW YORK AT STONY BROOK.
STEVENS INSTITUTE OF TECHNOLOGY.
STRALIA
STScI/Jodrell Bank Observatory, University of Manchester
SYRACUSE UNIVERSITY
SYRACUSE UNIVERSITY.
Saint Louis Univ., MO.
Saint Mary's University (Canada)
Saint Mary's University, Canada
Sardar Patel University (India)
Schiminovich, David
School of Mathematics and Statistics, University of St. Andrews, Scotland, UK
School of Physics University of Sydney
School of Physics and Astronomy, Cardiff University, Wales, UK
School of Physics and Astronomy, Faculty of Engineering and Physical Sciences, The University of Manchester, Manchester, U.K.
School of Physics and Astronomy, Raymond and Beverly Sackler Faculty of Exact Sciences, Tel-Aviv University, Tel-Aviv 69978, Israel
School of Physics and Astronomy, University of Nottingham, Nottingham, NG7 2RD, UK
School of Physics and Astronomy, University of Southampton, Hampshire SO17 1BJ, UK
School of Physics, Trinity College Dublin, Dublin 2, Ireland Ireland
School of Physics, University of New South Wales, Sydney, NSW 2052, Australia
School of Physics, University of Sydney
School of Physics, University of Sydney, NSW, 2006, Australia
School: Columbia University
School: Princeton University
School: The Ohio State University
School: University of Massachusetts Amherst
Scuola Internazionale Superiore di Studi Avanzati
Scuola Normale Superiore, Pisa (Italy) European Southern Observatory
Section of Astrophysics Astronomy and Mechanics, Department of Physics, University of Athens
Section of Astrophysics, Astronomy and Mechanics, Physics Department, University of Athens, GR 15783, Panepistimiopolis, Athens, Greece
Service d'Astrophysique, CE Saclay, France
Service d'Astrophysique, CEA, Laboratoire AIM Paris/Saclay
Service d'Astrophysique, CEA/DSM/DAPNIA, C.E. Saclay, 91191, Gif-sur-Yvette Cedex, France
Service d'Astrophysique, CEA/Saclay, L'Orme des Merisiers, 91191 Gif sur Yvette, France
Simon Fraser University, Canada
Smithsonian Astrophysical Observatory M/S 66, 60 Garden St., Cambridge, MA 02138-1596, USA
Smithsonian Astrophysical Observatory, 60 Garden St. MS-78, Cambridge, MA 02178, USA
Solar Astronomy 264-33, California Institute of Technology
South Carolina Univ., Columbia.
Southampton Univ. (England).
Southern Illinois University at Carbondale
Southern Methodist Univ., Dallas, TX.
Space Research Institute, Austrian Academy of Sciences, A-8042 Graz, Austria
Space Research Organization Netherlands, Sorbonnelaan 2, 3584 CA Utrecht, The Netherlands
Space Science Department, ESTEC, Noordwijk, The Netherlands
Space Telescope Science Institute
Space Telescope Science Institute Kapteyn Astronomical Institute
Space Telescope Science Institute, 3700 San Martin Dr., Baltimore, MD 21218, USA;
Space Telescope Science Institute, 3700 San Martin Drive, Baltimore. Md 21218, USA
Space Telescope Science Institute, 3700 San Martin drive, Baltimore, MD 21218, USA
Stanford Linear Accelerator Center, CA.
Stanford Univ., CA.
Stanford University
Stanford University, California, USA
State University of New York at Albany
State University of New York at Buffalo
State University of New York at Stony Brook
State University of New York at Stony Brook, New York, USA
State University of New York, Albany.
State University of New York, Buffalo.
State University of New York, Stony Brook.
Stephen F. Austin State University
Sternwarte M\u00fcnchen Scheinerstr. 1, 81679 M\u00fcnchen, Germany
Sternwarte der Universit\u00e4t Bonn
Sterrenkundig Instituut \"Anton Pannekoek - University of Amsterdam
Sterrenkundig Instituut \"Anton Pannekoek\" University of Amsterdam
Sterrenkundig Instituut \"Anton Pannekoek\", University of Amsterdam, Kruislaan 403, 1098 SJ, Amsterdam, The Netherlands
Sterrenkundig Instituuut \"Anton Pannekoek\", University of Amsterdam
Sterrewacht Leiden, Postbus 9513, 2300 RA Leiden, The Netherlands
Steward Observatory, The University of Arizona, Tucson, AZ, USA
Steward Observatory, University of Arizona, Tucson, AZ, 85721
Steward Observatory, University of Arizona, Tucson, AZ, 85721, USA;
Stockholm Observatory, SE-133 36 Saltsj\u00f6baden, Sweden
Stockholm University
Subaru Telescope, National Astronomical Observatory of Japan, 650 North A'ohoku Place, Hilo, Hawaii 96720, USA
Sussex Univ., Brighton (England).
Swinburne University of Technology
Syracuse University
Syracuse University, New York, USA
TEMPLE UNIVERSITY.
TEXAS A&M UNIVERSITY
TEXAS A&M UNIVERSITY.
TEXAS CHRISTIAN UNIVERSITY
TEXAS CHRISTIAN UNIVERSITY.
TEXAS TECH UNIVERSITY.
THE AMERICAN UNIVERSITY.
THE CATHOLIC UNIVERSITY OF AMERICA
THE CATHOLIC UNIVERSITY OF AMERICA.
THE CITY UNIVERSITY (LONDON), UNITED KINGDOM.
THE CLAREMONT GRADUATE UNIVERSITY.
THE COLLEGE OF WILLIAM AND MARY
THE COLLEGE OF WILLIAM AND MARY.
THE FLORIDA STATE UNIVERSITY
THE FLORIDA STATE UNIVERSITY.
THE GEORGE WASHINGTON UNIVERSITY.
THE JOHNS HOPKINS UNIVERSITY
THE JOHNS HOPKINS UNIVERSITY.
THE LOUISIANA STATE UNIVERSITY AND AGRICULTURAL AND MECHANICAL COL.
THE LOUISIANA STATE UNIVERSITY AND AGRICULTURAL AND MECHANICAL COL..
THE NAVAL POSTGRADUATE SCHOOL.
THE OHIO STATE UNIVERSITY
THE OHIO STATE UNIVERSITY.
THE PENNSYLVANIA STATE UNIVERSITY
THE PENNSYLVANIA STATE UNIVERSITY.
THE ROCKEFELLER UNIVERSITY.
THE UNION FOR EXPERIMENTING COLLEGES AND UNIVERSITIES.
THE UNION INSTITUTE.
THE UNIV. OF TEXAS H.S.C. AT HOUSTON GRAD. SCH. OF BIOMED. SCI.
THE UNIVERSITY OF ALABAMA
THE UNIVERSITY OF ALABAMA AT BIRMINGHAM
THE UNIVERSITY OF ALABAMA IN HUNTSVILLE
THE UNIVERSITY OF ALABAMA.
THE UNIVERSITY OF ARIZONA
THE UNIVERSITY OF ARIZONA.
THE UNIVERSITY OF BRITISH COLUMBIA (CANADA)
THE UNIVERSITY OF BRITISH COLUMBIA (CANADA).
THE UNIVERSITY OF CHICAGO
THE UNIVERSITY OF CHICAGO.
THE UNIVERSITY OF CONNECTICUT
THE UNIVERSITY OF CONNECTICUT.
THE UNIVERSITY OF DAYTON
THE UNIVERSITY OF IOWA
THE UNIVERSITY OF IOWA.
THE UNIVERSITY OF MAINE
THE UNIVERSITY OF MANITOBA (CANADA)
THE UNIVERSITY OF MANITOBA (CANADA).
THE UNIVERSITY OF MICHIGAN
THE UNIVERSITY OF MICHIGAN.
THE UNIVERSITY OF MISSISSIPPI
THE UNIVERSITY OF MISSISSIPPI.
THE UNIVERSITY OF NEBRASKA - LINCOLN
THE UNIVERSITY OF NEBRASKA - LINCOLN.
THE UNIVERSITY OF NEW BRUNSWICK (CANADA)
THE UNIVERSITY OF NEW BRUNSWICK (CANADA).
THE UNIVERSITY OF NEW MEXICO
THE UNIVERSITY OF NEW MEXICO.
THE UNIVERSITY OF NORTH CAROLINA AT CHAPEL HILL
THE UNIVERSITY OF NORTH CAROLINA AT CHAPEL HILL.
THE UNIVERSITY OF OKLAHOMA
THE UNIVERSITY OF OKLAHOMA.
THE UNIVERSITY OF ROCHESTER
THE UNIVERSITY OF ROCHESTER.
THE UNIVERSITY OF SASKATCHEWAN (CANADA).
THE UNIVERSITY OF SOUTHERN MISSISSIPPI.
THE UNIVERSITY OF TENNESSEE
THE UNIVERSITY OF TENNESSEE.
THE UNIVERSITY OF TEXAS AT ARLINGTON.
THE UNIVERSITY OF TEXAS AT AUSTIN
THE UNIVERSITY OF TEXAS AT AUSTIN.
THE UNIVERSITY OF TEXAS AT DALLAS
THE UNIVERSITY OF TEXAS AT DALLAS.
THE UNIVERSITY OF TEXAS AT EL PASO
THE UNIVERSITY OF TOLEDO
THE UNIVERSITY OF TOLEDO.
THE UNIVERSITY OF UTAH
THE UNIVERSITY OF UTAH.
THE UNIVERSITY OF WESTERN ONTARIO (CANADA)
THE UNIVERSITY OF WESTERN ONTARIO (CANADA).
THE UNIVERSITY OF WISCONSIN - MADISON
THE UNIVERSITY OF WISCONSIN - MADISON.
THE UNIVERSITY OF WISCONSIN - MILWAUKEE
THE UNIVERSITY OF WISCONSIN - MILWAUKEE.
THOMAS JEFFERSON UNIVERSITY.
TU Delft
TUFTS UNIVERSITY
TUFTS UNIVERSITY.
TULANE UNIVERSITY.
Tata Institute of Fundamental Research Homi Bhabha Road, Mumbai 400005, India
Technical University of Delft
Technische Hochschule, Aachen, Germany
Technische Hochschule, Darmstadt, Germany
Technische Hogeschool, Delft, Netherlands.
Technische Univ., Berlin, Germany
Technische Univ., Brunswick, Germany
Technische Univ., Delft, Netherlands.
Technische Univ., Eindhoven, Netherlands.
Technische Univ., Munich, Germany
Technische Universitat Munchen
Technische Universiteit Delft
Tel Aviv University
Tel-Aviv Univ. (Israel).
Tel-Aviv University, Israel
Temple University, Pennsylvania, USA
Tennessee Univ., Knoxville.
Texas A&M Univ., College Station.
Texas A&M University
Texas A&M University - Commerce
Texas Christian University
Texas Southern University
Texas Technological Univ., Lubbock.
Texas Univ., Austin, TX.
Texas Univ., Austin.
Texas Univ., Dallas.
Texas University
Th\u00fcringer Landessternwarte Tautenburg, Sternwarte 5, 07778. Tautenburg, Germany
The Catholic University of America
The Catholic University of America, District of Columbia, USA
The Chinese University of Hong Kong (Hong Kong)
The Claremont Graduate University and San Diego State University
The Florida State University
The George Washington University
The Graduate University for Advanced studies
The Johns Hopkins University
The Johns Hopkins University, Maryland, USA
The Ohio State University
The Ohio State University Columbus, OH.
The Ohio State University, Ohio, USA
The Open University, Department of Physics, Walton Hall, Milton Keynes, Bucks, MK7 6AA, UK
The Pennsylvania State University
The Pennsylvania State University, Pennsylvania, USA
The Queen's University of Belfast and the Rutherford Appleton Laboratory
The University of Alabama
The University of Alabama at Birmingham
The University of Alabama in Huntsville
The University of Alabama in Huntsville, Alabama, USA
The University of Alabama, Alabama, USA
The University of Arizona
The University of Arizona, Arizona, USA
The University of British Columbia (Canada), Canada
The University of British Columbia, Canada
The University of Chicago
The University of Chicago, Illinois, USA
The University of Edinburgh
The University of Iowa
The University of Iowa, Iowa, USA
The University of Kansas
The University of Kansas, Kansas, USA
The University of Maine
The University of Manchester
The University of Manitoba (Canada)
The University of Nebraska - Lincoln
The University of New Mexico
The University of New Mexico, New Mexico, USA
The University of North Carolina at Chapel Hill
The University of North Carolina at Chapel Hill, North Carolina, USA
The University of North Dakota
The University of Nottingham
The University of Oklahoma
The University of Oklahoma, Oklahoma, USA
The University of Queensland, Australia
The University of Rochester, New York, USA
The University of Saskatchewan (Canada)
The University of Saskatchewan, Canada
The University of Sydney
The University of Tennessee
The University of Texas at Arlington
The University of Texas at Austin
The University of Texas at Austin, Texas, USA
The University of Texas at Dallas
The University of Texas at Dallas, Texas, USA
The University of Texas at El Paso
The University of Texas at San Antonio
The University of Tokyo
The University of Toledo
The University of Utah
The University of Utah, Utah, USA
The University of Western Ontario (Canada)
The University of Western Ontario (Canada), Canada
The University of Western Ontario, Canada
The University of Wisconsin - Madison
The University of Wisconsin - Madison, Wisconsin, USA
The University of Wisconsin - Milwaukee
The University of Wisconsin - Milwaukee, Wisconsin, USA
The University of York (United Kingdom), England
The Weizmann Institute of Science (Israel)
Theoretical Astrophysics Center, Juliane Maries Vej 30, DK-2100 Copenhagen
Theoretical Astrophysics and Computational Physics, Auf der Morgenstelle 10, D-72076 Tuebingen, Germany
Thueringer Landessternwarte, Sternwarte 5, D-07778 Tautenburg, Germany
Tokyo Institute of Technology
Toledo Univ., OH.
Toronto Univ. (Ontario).
Torun Centre for Astronomy, Nicolaus Copernicus University, PL87-100 Torun
Tsinghua University
Tuebingen Univ., Germany
Tufts University
Tufts University, Massachusetts, USA
Tufts University, Medford, MA.
UCLA, Divison of Astronomy and Astrophysics, 8371 Math Sciences Building, 405 Hilgard Ave, Los Angeles, CA 90095-1562, USA
UCLan - University of Central Lancashire
UK Meteorological Office, London Road, Bracknell RG12 2SY, UK
UMEA UNIVERSITET (SWEDEN)
UNIV. OF MANCHESTER INST. OF SCIENCE AND TECHNOLOGY (UNITED KINGDOM).
UNIV. OF MASS., AMHERST, HAMPSHIRE, MOUNT HOLYOKE AND SMITH COLLEGES.
UNIVERSITA DI BOLOGNA
UNIVERSITAET HEIDELBERG (GERMANY).
UNIVERSITAIRE INSTELLING ANTWERPEN (BELGIUM).
UNIVERSITAT DE VALENCIA (SPAIN)
UNIVERSITE DE MONTREAL (CANADA)
UNIVERSITE DE MONTREAL (CANADA).
UNIVERSITE LAVAL (CANADA)
UNIVERSITE LAVAL (CANADA).
UNIVERSITE PAUL SABATIER - OBSERVATOIRE MIDI-PYRENEES, Toulouse, France
UNIVERSITE' CLAUDE BERNARD - LYON 1
UNIVERSITY OF ABERDEEN (UNITED KINGDOM).
UNIVERSITY OF ABERDEEN, UNITED KINGDOM.
UNIVERSITY OF ALABAMA AT BIRMINGHAM
UNIVERSITY OF ALABAMA AT BIRMINGHAM.
UNIVERSITY OF ALABAMA IN HUNTSVILLE
UNIVERSITY OF ALABAMA IN HUNTSVILLE.
UNIVERSITY OF ALASKA FAIRBANKS
UNIVERSITY OF ALASKA FAIRBANKS.
UNIVERSITY OF ALBERTA (CANADA)
UNIVERSITY OF ALBERTA (CANADA).
UNIVERSITY OF ARKANSAS
UNIVERSITY OF ARKANSAS.
UNIVERSITY OF BRISTOL (UNITED KINGDOM).
UNIVERSITY OF BRISTOL, UNITED KINGDOM.
UNIVERSITY OF CALGARY (CANADA)
UNIVERSITY OF CALGARY (CANADA).
UNIVERSITY OF CALIFORNIA, BERKELEY
UNIVERSITY OF CALIFORNIA, BERKELEY.
UNIVERSITY OF CALIFORNIA, DAVIS
UNIVERSITY OF CALIFORNIA, DAVIS.
UNIVERSITY OF CALIFORNIA, IRVINE
UNIVERSITY OF CALIFORNIA, IRVINE.
UNIVERSITY OF CALIFORNIA, LOS ANGELES
UNIVERSITY OF CALIFORNIA, LOS ANGELES.
UNIVERSITY OF CALIFORNIA, RIVERSIDE
UNIVERSITY OF CALIFORNIA, RIVERSIDE.
UNIVERSITY OF CALIFORNIA, SAN DIEGO
UNIVERSITY OF CALIFORNIA, SAN DIEGO.
UNIVERSITY OF CALIFORNIA, SANTA BARBARA
UNIVERSITY OF CALIFORNIA, SANTA BARBARA.
UNIVERSITY OF CALIFORNIA, SANTA CRUZ
UNIVERSITY OF CALIFORNIA, SANTA CRUZ.
UNIVERSITY OF CENTRAL FLORIDA
UNIVERSITY OF CENTRAL FLORIDA.
UNIVERSITY OF CINCINNATI
UNIVERSITY OF CINCINNATI.
UNIVERSITY OF COLORADO AT BOULDER
UNIVERSITY OF COLORADO AT BOULDER.
UNIVERSITY OF DELAWARE
UNIVERSITY OF DELAWARE.
UNIVERSITY OF DENVER.
UNIVERSITY OF DURHAM (UNITED KINGDOM).
UNIVERSITY OF DURHAM, UNITED KINGDOM.
UNIVERSITY OF EAST ANGLIA (UNITED KINGDOM).
UNIVERSITY OF EDINBURGH (UNITED KINGDOM).
UNIVERSITY OF EDINBURGH, UNITED KINGDOM.
UNIVERSITY OF ESSEX, UNITED KINGDOM.
UNIVERSITY OF FLORIDA
UNIVERSITY OF FLORIDA.
UNIVERSITY OF GEORGIA
UNIVERSITY OF GEORGIA.
UNIVERSITY OF GLASGOW (UNITED KINGDOM).
UNIVERSITY OF GLASGOW, UNITED KINGDOM.
UNIVERSITY OF GUELPH (CANADA)
UNIVERSITY OF HAWAI'I
UNIVERSITY OF HAWAII
UNIVERSITY OF HAWAII.
UNIVERSITY OF HOUSTON.
UNIVERSITY OF HULL, UNITED KINGDOM.
UNIVERSITY OF IDAHO.
UNIVERSITY OF ILLINOIS AT CHICAGO, HEALTH SCIENCES CENTER.
UNIVERSITY OF ILLINOIS AT CHICAGO.
UNIVERSITY OF ILLINOIS AT URBANA-CHAMPAIGN
UNIVERSITY OF ILLINOIS AT URBANA-CHAMPAIGN.
UNIVERSITY OF KANSAS
UNIVERSITY OF KANSAS.
UNIVERSITY OF KEELE (UNITED KINGDOM).
UNIVERSITY OF KENT AT CANTERBURY (UNITED KINGDOM).
UNIVERSITY OF KENT AT CANTERBURY, UNITED KINGDOM.
UNIVERSITY OF KENTUCKY
UNIVERSITY OF KENTUCKY.
UNIVERSITY OF LANCASTER (UNITED KINGDOM).
UNIVERSITY OF LEEDS (UNITED KINGDOM).
UNIVERSITY OF LEEDS, UNITED KINGDOM.
UNIVERSITY OF LEICESTER (UNITED KINGDOM).
UNIVERSITY OF LEICESTER, UNITED KINGDOM.
UNIVERSITY OF LIVERPOOL (UNITED KINGDOM).
UNIVERSITY OF LIVERPOOL, UNITED KINGDOM.
UNIVERSITY OF LONDON, UNITED KINGDOM.
UNIVERSITY OF LOWELL.
UNIVERSITY OF MAINE
UNIVERSITY OF MAINE.
UNIVERSITY OF MANCHESTER (UNITED KINGDOM).
UNIVERSITY OF MANCHESTER, UNITED KINGDOM.
UNIVERSITY OF MARYLAND AT BALTIMORE.
UNIVERSITY OF MARYLAND COLLEGE PARK
UNIVERSITY OF MARYLAND COLLEGE PARK.
UNIVERSITY OF MARYLAND, COLLEGE PARK
UNIVERSITY OF MASSACHUSETTS
UNIVERSITY OF MASSACHUSETTS AMHERST
UNIVERSITY OF MASSACHUSETTS LOWELL
UNIVERSITY OF MASSACHUSETTS.
UNIVERSITY OF MELBOURNE (AUSTRALIA).
UNIVERSITY OF MIAMI
UNIVERSITY OF MIAMI.
UNIVERSITY OF MICHIGAN
UNIVERSITY OF MINNESOTA
UNIVERSITY OF MINNESOTA.
UNIVERSITY OF MISSOURI - COLUMBIA
UNIVERSITY OF MISSOURI - COLUMBIA.
UNIVERSITY OF MISSOURI - ROLLA
UNIVERSITY OF MISSOURI - ROLLA.
UNIVERSITY OF NEVADA, LAS VEGAS
UNIVERSITY OF NEVADA, LAS VEGAS.
UNIVERSITY OF NEVADA, RENO
UNIVERSITY OF NEVADA, RENO.
UNIVERSITY OF NEW HAMPSHIRE
UNIVERSITY OF NEW HAMPSHIRE.
UNIVERSITY OF NEW SOUTH WALES (AUSTRALIA)
UNIVERSITY OF NEW SOUTH WALES (AUSTRALIA).
UNIVERSITY OF NEWCASTLE UPON TYNE (UNITED KINGDOM).
UNIVERSITY OF NEWCASTLE UPON TYNE, UNITED KINGDOM
UNIVERSITY OF NEWCASTLE UPON TYNE, UNITED KINGDOM.
UNIVERSITY OF NORTH TEXAS.
UNIVERSITY OF NORTHERN COLORADO.
UNIVERSITY OF NOTRE DAME
UNIVERSITY OF NOTRE DAME.
UNIVERSITY OF NOTTINGHAM (UNITED KINGDOM).
UNIVERSITY OF NOTTINGHAM, UNITED KINGDOM.
UNIVERSITY OF OREGON
UNIVERSITY OF OREGON.
UNIVERSITY OF OXFORD (UNITED KINGDOM).
UNIVERSITY OF OXFORD, UNITED KINGDOM.
UNIVERSITY OF PENNSYLVANIA
UNIVERSITY OF PENNSYLVANIA.
UNIVERSITY OF PITTSBURGH
UNIVERSITY OF PITTSBURGH.
UNIVERSITY OF READING, UNITED KINGDOM.
UNIVERSITY OF RHODE ISLAND.
UNIVERSITY OF SOUTH AFRICA (SOUTH AFRICA)
UNIVERSITY OF SOUTH CAROLINA.
UNIVERSITY OF SOUTH FLORIDA.
UNIVERSITY OF SOUTHAMPTON (UNITED KINGDOM).
UNIVERSITY OF SOUTHAMPTON, UNITED KINGDOM
UNIVERSITY OF SOUTHAMPTON, UNITED KINGDOM.
UNIVERSITY OF SOUTHERN CALIFORNIA
UNIVERSITY OF SOUTHERN CALIFORNIA.
UNIVERSITY OF ST. ANDREWS (UNITED KINGDOM).
UNIVERSITY OF ST. ANDREWS, UNITED KINGDOM.
UNIVERSITY OF SUSSEX (UNITED KINGDOM).
UNIVERSITY OF SUSSEX, UNITED KINGDOM.
UNIVERSITY OF TECHNOLOGY, LOUGHBOROUGH, UNITED KINGDOM.
UNIVERSITY OF THE WITWATERSRAND, JOHANNESBURG (SOUTH AFRICA).
UNIVERSITY OF TORONTO (CANADA)
UNIVERSITY OF TORONTO (CANADA).
UNIVERSITY OF VICTORIA (CANADA)
UNIVERSITY OF VICTORIA (CANADA).
UNIVERSITY OF VIRGINIA
UNIVERSITY OF VIRGINIA.
UNIVERSITY OF WALES (UNITED KINGDOM).
UNIVERSITY OF WALES COLLEGE OF CARDIFF (UNITED KINGDOM).
UNIVERSITY OF WASHINGTON
UNIVERSITY OF WASHINGTON.
UNIVERSITY OF WATERLOO (CANADA)
UNIVERSITY OF WATERLOO (CANADA).
UNIVERSITY OF WINDSOR (CANADA).
UNIVERSITY OF WYOMING
UNIVERSITY OF WYOMING.
UNIVERSITY OF YORK (UNITED KINGDOM).
UNSW@ADFA
UPPSALA UNIVERSITET (SWEDEN)
UPR 176 du CNRS, Departement d'Astrophysique Relativiste et de Cosmologie, Observatoire de Paris, Section de Meudon, F-92195 Meudon Cedex, France; University of Oxford, Department of Astrophysics, Keble Road, Oxford OX1 3RH, England, UK
URBANA-CHAMPAIGN.
UTAH STATE UNIVERSITY
UTAH STATE UNIVERSITY.
Udaipur Solar Observatory
Udaipur Solar Observatory, PRL, India
Udaipur Solar Observatory, Physical Research Laboratory
Udaipur Solar Observatory, Physical Research Laboratory, India
Union Institute; University, Ohio, USA
Universidad Aut\u00f3noma de Madrid
Universidad Autonoma de Madrid
Universidad Complutense de Madrid
Universidad Complutense de Madrid (Spain)
Universidad Complutense de Madrid, Spain
Universidad Nacional Aut\u00f3noma de M\u00e9xico
Universidad Nacional de Cordoba
Universidad Nacional de La Plata
Universidad de Granada
Universidad de Granada, Granada
Universidad de Valencia
Universidad de Valencia (Estudi General)
Universidad de la Rioja (Spain), Spain
Universidade de Lisboa - Departamento de Fisica, Campo Grande, Edif. C1 - Piso 41700 Lisboa Portugal;
Universidade de Sao Paulo
Universit\u00e0 degli studi di Bologna
Universit\u00e0 di Bologna
Universit\u00e0 di Catania, Dipartimento di Fisica e Astronomia (sez. astrofisica), Citta' Universitaria, via S. Sofia 78, 95123 Catania, Italy INAF - Osservatorio Astrofisico di Catania, Citta' Universitaria, via S. Sofia 78, 95123 Catania, Italy
Universit\u00e0 di Pisa
Universit\u00e0 di Trieste INAF-OAC, Napoli
Universit\u00e0 di Trieste, Italy
Universit\u00e4t Bonn
Universit\u00e4t Hamburg
Universit\u00e4t Heidelberg
Universit\u00e4t K\u00f6ln
Universit\u00e4t Potsdam
Universit\u00e4t W\u00fcrzburg
Universit\u00e4t zu K\u00f6ln
Universit\u00e4t zu K\u00f6ln, Germany
Universit\u00e4ts-Sternwarte G\u00f6ttingen, Geismarlandstrasse 11, 37083 G\u00f6ttingen, Germany
Universit\u00e4ts-Sternwarte G\u00f6ttingen, Geismarlandstrasse 11, D-37083 G\u00f6ttingen, Germany
Universit\u00e4ts-Sternwarte G\u00f6ttingen, Germany
Universit\u00e4ts-Sternwarte M\u00fcnchen
Universit\u00e4ts-Sternwarte M\u00fcnchen, Scheinerstrasse 1, 81679 M\u00fcnchen, Germany
Universit\u00e9 Claude Bernard (Lyon I)
Universit\u00e9 Joseph Fourier (Grenoble 1)
Universit\u00e9 Joseph Fourier (Grenoble I)
Universit\u00e9 Laval
Universit\u00e9 Louis Pasteur, Strasbourg I
Universit\u00e9 Paris 6
Universit\u00e9 Paris 7 Denis Diderot
Universit\u00e9 Paris VI
Universit\u00e9 Paris XI (campus d'Orsay)
Universit\u00e9 Paul Sabatier (Toulouse III)
Universit\u00e9 Pierre & Marie Curie (Paris 6) LESIA (UMR 8109), Observatoire de Paris, France
Universit\u00e9 Pierre et Marie Curie - Paris VI
Universit\u00e9 Toulouse III - Paul Sabatier
Universit\u00e9 de Bordeaux 1
Universit\u00e9 de Bordeaux, Laboratoire d'Astrophysique de Bordeaux (LAB), France
Universit\u00e9 de Franche-Comt\u00e9
Universit\u00e9 de Li\u00e8ge, Belgium
Universit\u00e9 de Montr\u00e9al, C. P. 6128 Succ A, Montr\u00e9al, QC H3C 3J7, Canada
Universit\u00e9 de Montr\u00e9al, Canada
Universit\u00e9 de Montreal, Canada
Universit\u00e9 de Nice Sophia-Antipolis
Universit\u00e9 de Nice Sophia-Antipolis, UFR Sciences
Universit\u00e9 de Nice-Sophia Antipolis
Universit\u00e9 de Paris 6
Universit\u00e9 de Paris 7
Universit\u00e9 de Paris VI
Universit\u00e9 de Paris VII
Universit\u00e9 de Paris-Sud (Paris XI)
Universita Degli Studi Di Padova
Universita degli Studi di Bologna
Universita di Bologna
Universitat Bonn
Universitat Jaume I. Departament de Matem\u00e0tiques
Universitat Polit\u00e8cnica de Catalunya
Universitat Potsdam
Universitat Siegen
Universitat Wuppertal
Universitat de Val\u00e8ncia
Universitat de Val\u00e8ncia (Spain)
Universitat de Valencia (Spain)
Universitat zu Koln
Universite Laval (Canada), Canada
Universite Laval, Canada
Universite Louis Pasteur de Strasbourg, France & Universiteit van Amsterdam, Netherlands
Universite Paul Sabatier, Toulouse, France
Universite Toulouse III --- Paul Sabatier, France
Universite de Montreal (Canada)
Universite de Montreal (Canada), Canada
Universite de Montreal, Canada
Universiteit Gent (Belgium), Belgium
Universiteit Gent, Belgium
Universiteit Twente (The Netherlands)
Universiteit Utrecht
University College London
University Paris 7
University of Adelaide
University of Alaska Fairbanks
University of Alaska Fairbanks, Alaska, USA
University of Alberta (Canada)
University of Alberta (Canada), Canada
University of Alberta, Canada
University of Amsterdam
University of Arizona
University of Arkansas
University of Arkansas, Arkansas, USA
University of Barcelona
University of Birmingham
University of Birmingham, UK
University of Bonn, Germany
University of Bremen, Germany
University of Bristol
University of British Columbia
University of Calgary (Canada), Canada
University of Calgary, Canada
University of California, Berkeley
University of California, Berkeley, California, USA
University of California, Davis
University of California, Davis, California, USA
University of California, Irvine
University of California, Los Angeles
University of California, Los Angeles, California, USA
University of California, Riverside
University of California, San Diego
University of California, San Diego, California, USA
University of California, San Francisco, California, USA
University of California, Santa Barbara
University of California, Santa Barbara, California, USA
University of California, Santa Cruz
University of California, Santa Cruz, California, USA
University of California, Santa Cruz.
University of California, nta Barbara, California, USA
University of California, nta Cruz, California, USA
University of California, rkeley, California, USA
University of California, s Angeles, California, USA
University of California, verside, California, USA
University of California, vine, California, USA
University of California, vis, California, USA
University of California; Department of Astronomy; 601 Campbell Hall; Berkeley, CA 94720
University of Cambridge
University of Cambridge, Cambridge, United Kingdom
University of Cambridge, England
University of Central Florida
University of Central Lancashire
University of Cincinnati
University of Cologne
University of Cologne, Germany
University of Colorado at Boulder
University of Colorado at Boulder, Colorado, USA
University of Colorado, Campus Box 389, Boulder, CO 80309, USA
University of Connecticut
University of Crete, Department of Physics, Greece
University of Crete, Department of Physics, Leof. Knossou (P. O. Box 2208), 71409 Heraklion, Crete, Greece
University of Delaware
University of Denver, Colorado
University of Denver, Department of Physics and Astronomy
University of Durham
University of Durham, Department of Physics, South Road, Durham DH1 3LE
University of Edinburgh
University of Florida
University of Florida Department of Astronomy
University of Florida, Department of Astronomy, Gainesville, FL
University of Florida, Florida, USA
University of Florida, Gainesville
University of Georgia
University of Glasgow
University of Groningen
University of Groningen, P.O. Box 72, 9700 AB Groningen, The Netherlands
University of Groningen, The Netherlands
University of Guelph, Canada
University of Hamburg, Astrophysikalisches Institut Potsdam
University of Hawai'I at Manoa
University of Hawai'i at Manoa
University of Hawai'i, Hawaii, USA
University of Helsinki, Faculty of Science, Department of Physics, Division of Geophysics and Astronomy
University of Helsinki, Finland
University of Hertfordshire
University of Hong Kong
University of Hong Kong (People's Republic of China)
University of Houston
University of Idaho
University of Illinois at Urbana-Champaign
University of Illinois at Urbana-Champaign, Illinois, USA
University of Istanbul, Department of Astronomy and Space Sciences, 34452 - University, Istanbul - Turkey
University of Jena
University of Kansas
University of Kansas, Kansas, USA
University of Kentucky
University of Kentucky, 177 Chem-Phys Bldg., Lexington KY, 40506-0055
University of Koln
University of Leeds
University of Leeds (UK)
University of Leicester
University of Leicester (United Kingdom)
University of Leicester, UK
University of Lethbridge (Canada)
University of Liege
University of Liege, 17 All\u00e9e du 6 Ao\u00fbt, 4000 Liege
University of Lisbon (UL); European Southern Observatory (ESO)
University of London, Bedford College (United Kingdom)
University of London, Royal Holloway and Bedford New College (United Kingdom)
University of London, University College London (United Kingdom)
University of Louisiana at Lafayette
University of Louisville
University of Louisville, Kentucky, USA
University of Manchester
University of Manchester, Jodrell Bank Observatory
University of Manitoba, Canada
University of Maryland College Park
University of Maryland, Baltimore County
University of Maryland, College Park
University of Maryland, College Park, Maryland, USA
University of Maryland, llege Park, Maryland, USA
University of Massachusetts
University of Massachusetts Amherst
University of Massachusetts Amherst, Massachusetts, USA
University of Massachusetts, Amherst
University of Melbourne
University of Miami
University of Michigan
University of Michigan, Michigan, USA
University of Minnesota
University of Minnesota, Minnesota, USA
University of Minnesota, USA
University of Missouri - Columbia
University of Missouri - Columbia, Missouri, USA
University of Missouri - Kansas City
University of Missouri - Rolla
University of Missouri - Saint Louis
University of Montana
University of Nevada, Las Vegas
University of Nevada, Reno
University of Nevada, s Vegas, Nevada, USA
University of New Brunswick (Canada)
University of New Brunswick, Canada
University of New Hampshire
University of New Hampshire, New Hampshire, USA
University of New Mexico
University of New South Wales
University of Nice Sophia Antipolis (Astrophysical and Mathematical Department), Laboratoire d'Astrophysique Spatiale, Max-Planck-Institut f\u00fcr Aeronomie
University of Nijmegen
University of North Texas
University of Northern Colorado
University of Notre Dame
University of Notre Dame, Indiana, USA
University of Nottingham, NG7 2RD Nottingham, UK
University of Oregon
University of Oslo
University of Oxford
University of Padova
University of Palermo
University of Paris
University of Paris VII
University of Paris XI
University of Pennsylvania
University of Pennsylvania, Pennsylvania, USA
University of Pittsburgh
University of Pittsburgh, Pennsylvania, USA
University of Rhode Island
University of Rochester
University of Rochester, New York, USA
University of Salerno - INAF Observatory of Teramo
University of Sheffield
University of South Carolina
University of Southampton
University of Southampton (UK)
University of Southampton (United Kingdom), England
University of Southampton, United Kingdom
University of Southern California
University of Southern California, California, USA
University of St Andrews
University of St.Andrews
University of Stockholm
University of Sussex
University of Sussex, UK
University of Sydney
University of Tartu
University of Tasmania
University of Tasmania and RCfTA, University of Sydney, Australia
University of Texas
University of Texas at Austin
University of Texas at Austin, R. L. M. Hall 15.308, Austin, TX 78712-1083
University of Tokyo
University of Toledo
University of Toronto (Canada)
University of Toronto, Canada
University of Tuebingen
University of Utrecht Space Research Utrecht
University of Utrecht, The Netherlands
University of Victoria
University of Victoria (Canada), Canada
University of Victoria, Canada
University of Virginia
University of Virginia Department of Astronomy
University of Virginia, Virginia, USA
University of Washington
University of Washington, Washington, USA
University of Waterloo (Canada), Canada
University of Waterloo, Canada
University of Western Ontario
University of Wisconsin
University of Wisconsin 475 N. Charter St. Madison, WI, 53706, USA
University of Wisconsin, 475 N. Charter St., Madison, WI, 53706, USA
University of Wollongong
University of Wyoming
University of Wyoming, Wyoming, USA
Uppsala, Sweden: University, 2002
Utah State University
Utah State University, Logan.
Utah State University, Utah, USA
Utah Univ., Salt Lake City.
Utrecht University
Utrecht University", "-
VANDERBILT UNIVERSITY
VANDERBILT UNIVERSITY.
VIRGINIA POLYTECHNIC INSTITUTE AND STATE UNIVERSITY
VIRGINIA POLYTECHNIC INSTITUTE AND STATE UNIVERSITY.
Vanderbilt University
Venezuelan Institute for Scientific Research
Virginia Polytechnic Institute and State University, Virginia, USA
Virginia Univ., Charlottesville.
Vrije Univ., Amsterdam, Netherlands.
WAKE FOREST UNIVERSITY
WAKE FOREST UNIVERSITY, THE BOWMAN GRAY SCHOOL OF MEDICINE
WASHINGTON STATE UNIVERSITY.
WASHINGTON UNIVERSITY
WASHINGTON UNIVERSITY.
WAYNE STATE UNIVERSITY.
WESLEYAN UNIVERSITY
WESLEYAN UNIVERSITY.
WEST VIRGINIA UNIVERSITY
WEST VIRGINIA UNIVERSITY.
Wake Forest University
Washington State University
Washington Univ., Saint Louis, MO.
Washington Univ., Seattle.
Washington University
Washington University in St. Louis
Washington University, Missouri, USA
WatWaterloo : University of Waterloo
Waterloo : University of Waterloo
Wayne State University
West Virginia University
West Virginia University, Morgantown.
Western Michigan University
Wichita State University
Widener University
Wisconsin Univ., Madison, WI.
Wisconsin Univ., Madison.
Wisconsin Univ., Milwaukee
Wisconsin University
Woods Hole Oceanographic Inst., MA.
Wuppertal Univ., Germany
Wyoming Univ., Laramie.
YALE UNIVERSITY.
YESHIVA UNIVERSITY.
YORK UNIVERSITY (CANADA)
YORK UNIVERSITY (CANADA).
Yale University
Yale University, Connecticut, USA
Yale University.
Yale University., New Haven, CT.
Yerevan State University
York Univ. (England).
York University (Canada)
York University (Canada), Canada
York University, Canada
York University, Toronto, Ontario, Canada
ZAH / Landessternwarte, University of Heidelberg, Germany
ZAH, Landessternwarte, K\u00f6nigstuhl 12, D-69117, Heidelberg, Germany
l'Universit\u00e9 Denis Diderot - Paris VII
nstitute of Astronomy, National Central University; National Astronomical Observatory, Chinese Academy of Sciences
